Instrument,Strategy,Entry_Date,Exit_Date,Entry_Price,Exit_Price,Contracts,PnL,Cumulative_PnL,PnL_%,Cumulative_PnL_%,Peak_to_Peak_DD_%,Duration_Hours,Entry_Signal,Exit_Signal,Trade_Type,Max_Favorable_Excursion,Max_Adverse_Excursion,Trade_Efficiency
ES,GAP,2015-07-31 08:29:00,2015-07-31 13:22:00,2495.75,2484.75,4.0,2200.0,2200.0,0.022,0.022,0.0,4.883333333333334,SE,SX.Targ.Pcnt,Short,100.0,-2200.0,1.0
ES,GAP,2015-08-11 08:29:00,2015-08-11 14:59:00,2470.0,2466.25,1.0,-187.5,2012.5,-0.001875,0.020125,-0.001875,6.5,LE,LX.EOD,Long,612.5,-262.5,0.4857
ES,GAP,2015-08-12 08:29:00,2015-08-12 14:59:00,2450.5,2468.0,4.0,3500.0,5512.5,0.035,0.055125,0.0,6.5,LE,LX.EOD,Long,3400.0,-4250.0,0.902
ES,GAP,2015-08-20 08:29:00,2015-08-20 13:43:00,2446.5,2427.0,1.0,-975.0,4537.5,-0.00975,0.045375,-0.00975,5.233333333333333,LE,LX.Stop2.C,Long,1000.0,-275.0,0.0196
ES,GAP,2015-09-10 08:29:00,2015-09-10 08:34:00,2324.25,2329.0,18.0,4275.0,8812.5,0.04275,0.088125,0.0,0.08333333333333333,LE,LX.Targ.Pcnt,Long,1350.0,-4275.0,1.0
ES,GAP,2015-09-24 08:29:00,2015-09-24 14:59:00,2308.25,2319.0,1.0,537.5,9350.0,0.005375,0.0935,0.0,6.5,LE,LX.EOD,Long,737.5,-737.5,0.8644
ES,GAP,2015-09-25 08:29:00,2015-09-25 14:12:00,2335.5,2308.75,1.0,1337.5,10687.5,0.013375,0.106875,0.0,5.716666666666667,SE,SX.Targ.Pcnt,Short,162.5,-1337.5,1.0
ES,GAP,2015-09-29 08:29:00,2015-09-29 08:44:00,2272.75,2264.75,5.0,2000.0,12687.5,0.02,0.126875,0.0,0.25,SE,SX.Targ.Pcnt,Short,375.0,-2000.0,1.0
ES,GAP,2015-10-13 08:29:00,2015-10-13 09:57:00,2395.75,2409.25,3.0,2025.0,14712.5,0.02025,0.147125,0.0,1.4666666666666666,LE,LX.Targ.Pcnt,Long,225.0,-2025.0,1.0
ES,GAP,2015-10-15 08:29:00,2015-10-15 12:06:00,2390.5,2399.25,3.0,-1312.5,13400.0,-0.013125,0.134,-0.013125,3.6166666666666667,SE,SX.Stop2.C,Short,1425.0,-712.5,0.0526
ES,GAP,2015-10-27 08:29:00,2015-10-27 14:59:00,2452.0,2455.25,9.0,1462.5,14862.5,0.014625,0.148625,0.0,6.5,LE,LX.EOD,Long,2025.0,-3600.0,0.62
ES,GAP,2015-11-11 08:29:00,2015-11-11 09:03:00,2478.75,2471.25,5.0,1875.0,16737.5,0.01875,0.167375,0.0,0.5666666666666667,SE,SX.Targ.Pcnt,Short,0.0,-1875.0,1.0
ES,GAP,2015-11-12 08:29:00,2015-11-12 14:49:00,2453.5,2440.0,2.0,-1350.0,15387.5,-0.0135,0.153875,-0.0135,6.333333333333333,LE,LX.Stop2.C,Long,1400.0,-625.0,0.024700000000000003
ES,GAP,2015-11-13 08:29:00,2015-11-13 09:08:00,2432.0,2424.25,13.0,-5037.5,10350.0,-0.050375,0.1035,-0.063875,0.65,LE,LX.Stop1.C,Long,5362.5,-2437.5,0.0417
ES,GAP,2015-11-24 08:29:00,2015-11-24 13:06:00,2467.75,2485.5,16.0,14200.0,24550.0,0.142,0.2455,0.0,4.616666666666666,LE,LX.Targ.Pcnt,Long,3600.0,-14200.0,1.0
ES,GAP,2015-12-03 08:29:00,2015-12-03 08:47:00,2479.75,2471.5,5.0,2062.5,26612.5,0.020625,0.266125,0.0,0.3,SE,SX.Targ.Pcnt,Short,250.0,-2062.5,1.0
ES,GAP,2015-12-04 08:29:00,2015-12-04 08:42:00,2449.75,2457.75,6.0,-2400.0,24212.5,-0.024,0.242125,-0.024,0.21666666666666667,SE,SX.Stop1.C,Short,2400.0,-450.0,0.0
ES,GAP,2015-12-09 08:29:00,2015-12-09 08:44:00,2450.75,2462.75,9.0,5400.0,29612.5,0.054,0.296125,0.0,0.25,LE,LX.Targ.Pcnt,Long,225.0,-5400.0,1.0
ES,GAP,2015-12-15 08:29:00,2015-12-15 14:59:00,2435.0,2439.75,1.0,-237.5,29375.0,-0.002375,0.29375,-0.002375,6.5,SE,SX.EOD,Short,737.5,-75.0,0.6154
ES,GAP,2015-12-29 08:29:00,2015-12-29 14:59:00,2465.75,2475.75,5.0,-2500.0,26875.0,-0.025,0.26875,-0.027375,6.5,SE,SX.EOD,Short,3187.5,-250.0,0.2
ES,GAP,2015-12-30 08:29:00,2015-12-30 09:21:00,2471.5,2467.25,18.0,-3825.0,23050.0,-0.03825,0.2305,-0.065625,0.8666666666666667,LE,LX.Stop1.C,Long,4050.0,-900.0,0.0455
ES,GAP,2015-12-31 08:29:00,2015-12-31 09:31:00,2451.5,2442.5,4.0,-1800.0,21250.0,-0.018,0.2125,-0.083625,1.0333333333333334,LE,LX.Stop2.C,Long,1850.0,-50.0,0.0263
ES,GAP,2016-01-05 08:29:00,2016-01-05 09:02:00,2412.75,2406.75,18.0,5400.0,26650.0,0.054,0.2665,-0.029625,0.55,SE,SX.Targ.Pcnt,Short,3825.0,-5400.0,1.0
ES,GAP,2016-01-12 08:29:00,2016-01-12 13:17:00,2336.25,2310.75,1.0,1275.0,27925.0,0.01275,0.27925,-0.016875,4.8,SE,SX.Targ.Pcnt,Short,400.0,-1275.0,1.0
ES,GAP,2016-02-17 08:29:00,2016-02-17 09:30:00,2309.0,2322.25,2.0,-1325.0,26600.0,-0.01325,0.266,-0.030125,1.0166666666666666,SE,SX.Stop2.C,Short,1325.0,-100.0,0.0
ES,GAP,2016-02-18 08:29:00,2016-02-18 08:36:00,2329.5,2325.0,18.0,4050.0,30650.0,0.0405,0.3065,0.0,0.11666666666666667,SE,SX.Targ.Pcnt,Short,1350.0,-4050.0,1.0
ES,GAP,2016-02-19 08:29:00,2016-02-19 14:59:00,2308.5,2316.75,3.0,1237.5,31887.5,0.012375,0.318875,0.0,6.5,LE,LX.EOD,Long,900.0,-1725.0,0.8143
ES,GAP,2016-02-23 08:29:00,2016-02-23 09:51:00,2337.75,2329.0,3.0,-1312.5,30575.0,-0.013125,0.30575,-0.013125,1.3666666666666667,LE,LX.Stop2.C,Long,1350.0,-525.0,0.02
ES,GAP,2016-02-24 08:29:00,2016-02-24 14:17:00,2304.0,2330.75,4.0,5350.0,35925.0,0.0535,0.35925,0.0,5.8,LE,LX.Targ.Pcnt,Long,2650.0,-5350.0,1.0
ES,GAP,2016-02-25 08:29:00,2016-02-25 09:11:00,2336.25,2327.0,5.0,2312.5,38237.5,0.023125,0.382375,0.0,0.7,SE,SX.Targ.Pcnt,Short,1125.0,-2312.5,1.0
ES,GAP,2016-02-26 08:29:00,2016-02-26 13:41:00,2364.75,2347.25,2.0,1750.0,39987.5,0.0175,0.399875,0.0,5.2,SE,SX.Targ.Pcnt,Short,25.0,-1750.0,1.0
ES,GAP,2016-03-10 08:29:00,2016-03-10 09:03:00,2399.75,2408.0,4.0,-1650.0,38337.5,-0.0165,0.383375,-0.0165,0.5666666666666667,SE,SX.Stop2.C,Short,1800.0,-1200.0,0.05
ES,GAP,2016-03-15 08:29:00,2016-03-15 14:59:00,2411.75,2418.25,6.0,1950.0,40287.5,0.0195,0.402875,0.0,6.5,LE,LX.EOD,Long,1050.0,-2400.0,0.8695999999999999
ES,GAP,2016-03-16 08:29:00,2016-03-16 13:01:00,2413.0,2422.75,4.0,1950.0,42237.5,0.0195,0.422375,0.0,4.533333333333333,LE,LX.Targ.Pcnt,Long,0.0,-1950.0,1.0
ES,GAP,2016-03-18 08:29:00,2016-03-18 10:19:00,2449.25,2455.5,6.0,-1875.0,40362.5,-0.01875,0.403625,-0.01875,1.8333333333333333,SE,SX.Stop1.C,Short,1950.0,-525.0,0.030299999999999997
ES,GAP,2016-03-22 08:29:00,2016-03-22 11:56:00,2445.5,2459.75,7.0,4987.5,45350.0,0.049875,0.4535,0.0,3.45,LE,LX.Targ.Pcnt,Long,612.5,-4987.5,1.0
ES,GAP,2016-03-23 08:29:00,2016-03-23 13:49:00,2449.75,2441.75,6.0,-2400.0,42950.0,-0.024,0.4295,-0.024,5.333333333333333,LE,LX.Stop1.C,Long,2475.0,-600.0,0.024399999999999998
ES,GAP,2016-03-24 08:29:00,2016-03-24 14:59:00,2428.75,2438.5,6.0,2925.0,45875.0,0.02925,0.45875,0.0,6.5,LE,LX.EOD,Long,975.0,-3225.0,0.9286
ES,GAP,2016-03-29 08:29:00,2016-03-29 11:21:00,2436.0,2443.5,6.0,2250.0,48125.0,0.0225,0.48125,0.0,2.8666666666666667,LE,LX.Targ.Pcnt,Long,1050.0,-2250.0,1.0
ES,GAP,2016-03-30 08:29:00,2016-03-30 14:59:00,2471.25,2469.0,2.0,225.0,48350.0,0.00225,0.4835,0.0,6.5,SE,SX.EOD,Short,650.0,-650.0,0.6731
ES,GAP,2016-04-01 08:29:00,2016-04-01 10:41:00,2451.25,2470.5,2.0,1925.0,50275.0,0.01925,0.50275,0.0,2.2,LE,LX.Targ.Pcnt,Long,275.0,-1925.0,1.0
ES,GAP,2016-04-05 08:29:00,2016-04-05 14:59:00,2455.75,2448.5,1.0,-362.5,49912.5,-0.003625,0.499125,-0.003625,6.5,LE,LX.EOD,Long,387.5,-275.0,0.0377
ES,GAP,2016-04-07 08:29:00,2016-04-07 12:54:00,2460.25,2446.75,5.0,-3375.0,46537.5,-0.03375,0.465375,-0.037375,4.416666666666667,LE,LX.Stop2.C,Long,3437.5,-1000.0,0.0141
ES,GAP,2016-04-22 08:29:00,2016-04-22 08:37:00,2496.0,2500.25,18.0,3825.0,50362.5,0.03825,0.503625,0.0,0.13333333333333333,LE,LX.Targ.Pcnt,Long,1800.0,-3825.0,1.0
ES,GAP,2016-04-26 08:29:00,2016-04-26 10:02:00,2499.5,2493.25,7.0,2187.5,52550.0,0.021875,0.5255,0.0,1.55,SE,SX.Targ.Pcnt,Short,1750.0,-2187.5,1.0
ES,GAP,2016-04-27 08:29:00,2016-04-27 13:10:00,2493.25,2501.5,6.0,2475.0,55025.0,0.02475,0.55025,0.0,4.683333333333334,LE,LX.Targ.Pcnt,Long,1125.0,-2475.0,1.0
ES,GAP,2016-04-29 08:29:00,2016-04-29 09:00:00,2478.25,2470.0,5.0,-2062.5,52962.5,-0.020625,0.529625,-0.020625,0.5166666666666667,LE,LX.Stop1.C,Long,2125.0,-500.0,0.023799999999999998
ES,GAP,2016-05-03 08:29:00,2016-05-03 14:59:00,2473.0,2470.25,4.0,-550.0,52412.5,-0.0055,0.524125,-0.026125,6.5,LE,LX.EOD,Long,2350.0,-700.0,0.5902000000000001
ES,GAP,2016-05-04 08:29:00,2016-05-04 14:59:00,2457.5,2458.25,14.0,525.0,52937.5,0.00525,0.529375,-0.020875,6.5,LE,LX.EOD,Long,3675.0,-6475.0,0.4138
ES,GAP,2016-05-05 08:29:00,2016-05-05 12:22:00,2464.5,2454.75,4.0,1950.0,54887.5,0.0195,0.548875,-0.001375,3.8833333333333333,SE,SX.Targ.Pcnt,Short,750.0,-1950.0,1.0
ES,GAP,2016-05-06 08:29:00,2016-05-06 13:05:00,2448.25,2463.0,3.0,2212.5,57100.0,0.022125,0.571,0.0,4.6,LE,LX.Targ.Pcnt,Long,187.5,-2212.5,1.0
ES,GAP,2016-05-11 08:29:00,2016-05-11 13:03:00,2487.0,2478.75,5.0,-2062.5,55037.5,-0.020625,0.550375,-0.020625,4.566666666666666,LE,LX.Stop1.C,Long,2125.0,-1187.5,0.0189
ES,GAP,2016-05-13 08:29:00,2016-05-13 08:42:00,2470.0,2475.5,18.0,4950.0,59987.5,0.0495,0.599875,0.0,0.21666666666666667,LE,LX.Targ.Pcnt,Long,1125.0,-4950.0,1.0
ES,GAP,2016-05-18 08:29:00,2016-05-18 09:13:00,2451.75,2459.5,5.0,1937.5,61925.0,0.019375,0.61925,0.0,0.7333333333333333,LE,LX.Targ.Pcnt,Long,562.5,-1937.5,1.0
ES,GAP,2016-05-25 08:29:00,2016-05-25 09:07:00,2493.75,2502.25,3.0,-1275.0,60650.0,-0.01275,0.6065,-0.01275,0.6333333333333333,SE,SX.Stop2.C,Short,1275.0,-37.5,0.0
ES,GAP,2016-06-01 08:29:00,2016-06-01 13:18:00,2499.25,2510.25,10.0,5500.0,66150.0,0.055,0.6615,0.0,4.816666666666666,LE,LX.Targ.Pcnt,Long,1375.0,-5500.0,1.0
ES,GAP,2016-06-02 08:29:00,2016-06-02 13:05:00,2505.0,2513.0,5.0,2000.0,68150.0,0.02,0.6815,0.0,4.6,LE,LX.Targ.Pcnt,Long,1250.0,-2000.0,1.0
ES,GAP,2016-06-03 08:29:00,2016-06-03 09:01:00,2509.0,2501.25,4.0,-1550.0,66600.0,-0.0155,0.666,-0.0155,0.5333333333333333,LE,LX.Stop2.C,Long,1600.0,-450.0,0.024399999999999998
ES,GAP,2016-06-09 08:29:00,2016-06-09 14:59:00,2522.75,2528.0,8.0,2100.0,68700.0,0.021,0.687,0.0,6.5,LE,LX.EOD,Long,1300.0,-2900.0,0.8095
ES,GAP,2016-06-10 08:29:00,2016-06-10 14:59:00,2512.0,2507.5,1.0,-225.0,68475.0,-0.00225,0.68475,-0.00225,6.5,LE,LX.EOD,Long,512.5,-212.5,0.39659999999999995
ES,GAP,2016-06-14 08:29:00,2016-06-14 08:43:00,2487.25,2494.75,15.0,5625.0,74100.0,0.05625,0.741,0.0,0.23333333333333334,LE,LX.Targ.Pcnt,Long,187.5,-5625.0,1.0
ES,GAP,2016-06-15 08:29:00,2016-06-15 09:06:00,2492.0,2497.25,9.0,-2362.5,71737.5,-0.023625,0.717375,-0.023625,0.6166666666666667,SE,SX.Stop1.C,Short,2362.5,-337.5,0.0
ES,GAP,2016-07-06 08:29:00,2016-07-06 10:54:00,2495.75,2505.25,11.0,5225.0,76962.5,0.05225,0.769625,0.0,2.4166666666666665,LE,LX.Targ.Pcnt,Long,4262.5,-5225.0,1.0
ES,GAP,2016-07-20 08:29:00,2016-07-20 14:59:00,2586.75,2589.5,4.0,-550.0,76412.5,-0.0055,0.764125,-0.0055,6.5,SE,SX.EOD,Short,1050.0,-1200.0,0.22219999999999998
ES,GAP,2016-07-27 08:29:00,2016-07-27 09:35:00,2591.25,2583.0,13.0,5362.5,81775.0,0.053625,0.81775,0.0,1.1,SE,SX.Targ.Pcnt,Short,162.5,-5362.5,1.0
ES,GAP,2016-08-02 08:29:00,2016-08-02 08:49:00,2584.5,2579.75,10.0,-2375.0,79400.0,-0.02375,0.794,-0.02375,0.3333333333333333,LE,LX.Stop1.C,Long,2500.0,-875.0,0.037000000000000005
ES,GAP,2016-08-05 08:29:00,2016-08-05 11:15:00,2590.25,2599.75,8.0,-3800.0,75600.0,-0.038,0.756,-0.06175,2.7666666666666666,SE,SX.Stop2.C,Short,3900.0,-600.0,0.0222
ES,GAP,2016-08-16 08:29:00,2016-08-16 14:59:00,2604.25,2598.25,18.0,-5400.0,70200.0,-0.054,0.702,-0.11575,6.5,LE,LX.EOD,Long,5850.0,-450.0,0.07139999999999999
ES,GAP,2016-08-19 08:29:00,2016-08-19 14:59:00,2600.25,2603.5,4.0,650.0,70850.0,0.0065,0.7085,-0.10925,6.5,LE,LX.EOD,Long,1100.0,-1000.0,0.8332999999999999
ES,GAP,2016-08-23 08:29:00,2016-08-23 14:59:00,2610.25,2607.0,4.0,650.0,71500.0,0.0065,0.715,-0.10275,6.5,SE,SX.EOD,Short,700.0,-650.0,1.0
ES,GAP,2016-08-25 08:29:00,2016-08-25 10:05:00,2592.5,2598.75,7.0,2187.5,73687.5,0.021875,0.736875,-0.080875,1.6,LE,LX.Targ.Pcnt,Long,875.0,-2187.5,1.0
ES,GAP,2016-08-26 08:29:00,2016-08-26 08:36:00,2596.75,2600.5,12.0,-2250.0,71437.5,-0.0225,0.714375,-0.103375,0.11666666666666667,SE,SX.Stop1.C,Short,2250.0,-300.0,0.0
ES,GAP,2016-09-09 08:29:00,2016-09-09 10:57:00,2586.5,2572.5,5.0,-3500.0,67937.5,-0.035,0.679375,-0.138375,2.466666666666667,LE,LX.Stop2.C,Long,3562.5,-187.5,0.0167
ES,GAP,2016-09-22 08:29:00,2016-09-22 14:59:00,2596.0,2599.25,15.0,-2437.5,65500.0,-0.024375,0.655,-0.16275,6.5,SE,SX.EOD,Short,4125.0,-2250.0,0.2647
ES,GAP,2016-09-29 08:29:00,2016-09-29 09:03:00,2589.0,2594.5,8.0,2200.0,67700.0,0.022,0.677,-0.14075,0.5666666666666667,LE,LX.Targ.Pcnt,Long,300.0,-2200.0,1.0
ES,GAP,2016-10-06 08:29:00,2016-10-06 10:10:00,2578.25,2572.25,8.0,-2400.0,65300.0,-0.024,0.653,-0.16475,1.6833333333333333,LE,LX.Stop1.C,Long,2400.0,-900.0,0.0
ES,GAP,2016-10-07 08:29:00,2016-10-07 08:36:00,2585.75,2581.75,18.0,3600.0,68900.0,0.036,0.689,-0.12875,0.11666666666666667,SE,SX.Targ.Pcnt,Short,2025.0,-3600.0,1.0
ES,GAP,2016-10-11 08:29:00,2016-10-11 09:12:00,2581.0,2572.25,5.0,-2187.5,66712.5,-0.021875,0.667125,-0.150625,0.7166666666666667,LE,LX.Stop1.C,Long,2250.0,-375.0,0.023799999999999998
ES,GAP,2016-10-19 08:29:00,2016-10-19 09:46:00,2564.25,2568.75,18.0,-4050.0,62662.5,-0.0405,0.626625,-0.191125,1.2833333333333334,SE,SX.Stop1.C,Short,4050.0,-2925.0,0.0
ES,GAP,2016-10-20 08:29:00,2016-10-20 09:05:00,2563.75,2569.0,18.0,4725.0,67387.5,0.04725,0.673875,-0.143875,0.6,LE,LX.Targ.Pcnt,Long,3600.0,-4725.0,1.0
ES,GAP,2016-10-26 08:29:00,2016-10-26 14:59:00,2558.0,2562.25,3.0,637.5,68025.0,0.006375,0.68025,-0.1375,6.5,LE,LX.EOD,Long,675.0,-1612.5,0.5738
ES,GAP,2016-11-03 08:29:00,2016-11-03 11:08:00,2523.5,2519.5,9.0,1800.0,69825.0,0.018,0.69825,-0.1195,2.65,SE,SX.Targ.Pcnt,Short,1350.0,-1800.0,1.0
ES,GAP,2016-11-08 08:29:00,2016-11-08 10:08:00,2552.0,2557.25,8.0,2100.0,71925.0,0.021,0.71925,-0.0985,1.65,LE,LX.Targ.Pcnt,Long,1700.0,-2100.0,1.0
ES,GAP,2016-11-11 08:29:00,2016-11-11 14:59:00,2585.0,2590.25,3.0,787.5,72712.5,0.007875,0.727125,-0.090625,6.5,LE,LX.EOD,Long,1162.5,-900.0,0.9455
ES,GAP,2016-11-30 08:29:00,2016-11-30 13:45:00,2640.5,2628.5,3.0,1800.0,74512.5,0.018,0.745125,-0.072625,5.266666666666667,SE,SX.Targ.Pcnt,Short,187.5,-1800.0,1.0
ES,GAP,2016-12-01 08:29:00,2016-12-01 08:55:00,2630.25,2625.0,8.0,2100.0,76612.5,0.021,0.766125,-0.051625,0.43333333333333335,SE,SX.Targ.Pcnt,Short,200.0,-2100.0,1.0
ES,GAP,2016-12-06 08:29:00,2016-12-06 08:37:00,2635.75,2631.0,10.0,2375.0,78987.5,0.02375,0.789875,-0.027875,0.13333333333333333,SE,SX.Targ.Pcnt,Short,0.0,-2375.0,1.0
ES,GAP,2016-12-09 08:29:00,2016-12-09 09:35:00,2677.75,2682.25,9.0,-2025.0,76962.5,-0.02025,0.769625,-0.048125,1.1,SE,SX.Stop1.C,Short,2137.5,-562.5,0.0417
ES,GAP,2016-12-13 08:29:00,2016-12-13 08:44:00,2693.0,2701.0,9.0,-3600.0,73362.5,-0.036,0.733625,-0.084125,0.25,SE,SX.Stop2.C,Short,3712.5,-0.0,0.030299999999999997
ES,GAP,2016-12-14 08:29:00,2016-12-14 12:58:00,2697.25,2702.25,18.0,4500.0,77862.5,0.045,0.778625,-0.039125,4.483333333333333,LE,LX.Targ.Pcnt,Long,2700.0,-4500.0,1.0
ES,GAP,2016-12-16 08:29:00,2016-12-16 10:22:00,2695.5,2689.25,7.0,2187.5,80050.0,0.021875,0.8005,-0.01725,1.8833333333333333,SE,SX.Targ.Pcnt,Short,437.5,-2187.5,1.0
ES,GAP,2016-12-28 08:29:00,2016-12-28 08:41:00,2700.5,2696.75,10.0,1875.0,81925.0,0.01875,0.81925,0.0,0.2,SE,SX.Targ.Pcnt,Short,250.0,-1875.0,1.0
ES,GAP,2017-01-04 08:29:00,2017-01-04 08:36:00,2690.0,2696.25,7.0,-2187.5,79737.5,-0.021875,0.797375,-0.021875,0.11666666666666667,SE,SX.Stop1.C,Short,2712.5,-87.5,0.1875
ES,GAP,2017-01-05 08:29:00,2017-01-05 10:08:00,2695.75,2692.0,18.0,-3375.0,76362.5,-0.03375,0.763625,-0.055625,1.65,LE,LX.Stop1.C,Long,3600.0,-3150.0,0.0333
ES,GAP,2017-01-25 08:29:00,2017-01-25 14:59:00,2719.75,2728.5,16.0,-7000.0,69362.5,-0.07,0.693625,-0.125625,6.5,SE,SX.EOD,Short,7600.0,-1200.0,0.0682
ES,GAP,2017-01-31 08:29:00,2017-01-31 14:59:00,2703.0,2706.5,5.0,875.0,70237.5,0.00875,0.702375,-0.116875,6.5,LE,LX.EOD,Long,1687.5,-1437.5,0.82
ES,GAP,2017-02-01 08:29:00,2017-02-01 10:00:00,2716.25,2705.5,4.0,2150.0,72387.5,0.0215,0.723875,-0.095375,1.5166666666666666,SE,SX.Targ.Pcnt,Short,550.0,-2150.0,1.0
ES,GAP,2017-02-02 08:29:00,2017-02-02 09:58:00,2704.0,2711.5,6.0,2250.0,74637.5,0.0225,0.746375,-0.072875,1.4833333333333334,LE,LX.Targ.Pcnt,Long,975.0,-2250.0,1.0
ES,GAP,2017-02-03 08:29:00,2017-02-03 14:59:00,2720.0,2725.5,3.0,-825.0,73812.5,-0.00825,0.738125,-0.081125,6.5,SE,SX.EOD,Short,1200.0,-450.0,0.2273
ES,GAP,2017-02-07 08:29:00,2017-02-07 11:50:00,2726.25,2719.5,15.0,5062.5,78875.0,0.050625,0.78875,-0.0305,3.35,SE,SX.Targ.Pcnt,Short,2062.5,-5062.5,1.0
ES,GAP,2017-02-08 08:29:00,2017-02-08 10:03:00,2718.5,2723.25,10.0,2375.0,81250.0,0.02375,0.8125,-0.00675,1.5666666666666667,LE,LX.Targ.Pcnt,Long,1750.0,-2375.0,1.0
ES,GAP,2017-02-10 08:29:00,2017-02-10 12:10:00,2742.25,2747.75,7.0,-1925.0,79325.0,-0.01925,0.79325,-0.026,3.683333333333333,SE,SX.Stop1.C,Short,2012.5,-525.0,0.0345
ES,GAP,2017-02-15 08:29:00,2017-02-15 09:34:00,2766.75,2771.0,18.0,3825.0,83150.0,0.03825,0.8315,0.0,1.0833333333333333,LE,LX.Targ.Pcnt,Long,675.0,-3825.0,1.0
ES,GAP,2017-02-22 08:29:00,2017-02-22 14:59:00,2791.25,2795.0,5.0,937.5,84087.5,0.009375,0.840875,0.0,6.5,LE,LX.EOD,Long,375.0,-1500.0,0.7
ES,GAP,2017-02-24 08:29:00,2017-02-24 14:59:00,2786.0,2797.25,2.0,1125.0,85212.5,0.01125,0.852125,0.0,6.5,LE,LX.EOD,Long,50.0,-1250.0,0.9037999999999999
ES,GAP,2017-02-28 08:29:00,2017-02-28 11:25:00,2799.25,2793.75,8.0,-2200.0,83012.5,-0.022,0.830125,-0.022,2.933333333333333,LE,LX.Stop1.C,Long,2400.0,-700.0,0.0645
ES,GAP,2017-03-14 08:29:00,2017-03-14 09:20:00,2801.25,2793.5,10.0,-3875.0,79137.5,-0.03875,0.791375,-0.06075,0.85,LE,LX.Stop2.C,Long,3875.0,-625.0,0.0
ES,GAP,2017-03-29 08:29:00,2017-03-29 09:32:00,2788.5,2793.5,18.0,4500.0,83637.5,0.045,0.836375,-0.01575,1.05,LE,LX.Targ.Pcnt,Long,2475.0,-4500.0,1.0
ES,GAP,2017-03-31 08:29:00,2017-03-31 12:31:00,2798.0,2803.5,8.0,2200.0,85837.5,0.022,0.858375,0.0,4.033333333333333,LE,LX.Targ.Pcnt,Long,1000.0,-2200.0,1.0
ES,GAP,2017-04-04 08:29:00,2017-04-04 14:56:00,2787.75,2793.75,8.0,2400.0,88237.5,0.024,0.882375,0.0,6.45,LE,LX.Targ.Pcnt,Long,1700.0,-2400.0,1.0
ES,GAP,2017-04-11 08:29:00,2017-04-11 09:23:00,2785.75,2777.0,5.0,-2187.5,86050.0,-0.021875,0.8605,-0.021875,0.9,LE,LX.Stop1.C,Long,2187.5,-750.0,0.0
ES,GAP,2017-04-12 08:29:00,2017-04-12 10:04:00,2783.75,2778.5,18.0,-4725.0,81325.0,-0.04725,0.81325,-0.069125,1.5833333333333333,LE,LX.Stop1.C,Long,4725.0,-2475.0,0.0
ES,GAP,2017-04-13 08:29:00,2017-04-13 09:03:00,2773.0,2781.0,18.0,7200.0,88525.0,0.072,0.88525,0.0,0.5666666666666667,LE,LX.Targ.Pcnt,Long,1800.0,-7200.0,1.0
ES,GAP,2017-04-27 08:29:00,2017-04-27 09:50:00,2823.25,2819.25,12.0,2400.0,90925.0,0.024,0.90925,0.0,1.35,SE,SX.Targ.Pcnt,Short,750.0,-2400.0,1.0
ES,GAP,2017-05-03 08:29:00,2017-05-03 14:59:00,2818.25,2820.5,5.0,562.5,91487.5,0.005625,0.914875,0.0,6.5,LE,LX.EOD,Long,1437.5,-1187.5,0.7619
ES,GAP,2017-05-04 08:29:00,2017-05-04 08:51:00,2824.0,2819.25,10.0,2375.0,93862.5,0.02375,0.938625,0.0,0.36666666666666664,SE,SX.Targ.Pcnt,Short,375.0,-2375.0,1.0
ES,GAP,2017-05-09 08:29:00,2017-05-09 12:26:00,2834.5,2830.75,10.0,1875.0,95737.5,0.01875,0.957375,0.0,3.95,SE,SX.Targ.Pcnt,Short,1250.0,-1875.0,1.0
ES,GAP,2017-05-11 08:29:00,2017-05-11 08:56:00,2827.75,2819.5,5.0,-2062.5,93675.0,-0.020625,0.93675,-0.020625,0.45,LE,LX.Stop1.C,Long,2125.0,-375.0,0.025
ES,GAP,2017-05-12 08:29:00,2017-05-12 09:28:00,2825.5,2822.0,18.0,-3150.0,90525.0,-0.0315,0.90525,-0.052125,0.9833333333333333,LE,LX.Stop1.C,Long,3150.0,-1125.0,0.0
ES,GAP,2017-05-16 08:29:00,2017-05-16 09:24:00,2840.0,2835.5,18.0,4050.0,94575.0,0.0405,0.94575,-0.011625,0.9166666666666666,SE,SX.Targ.Pcnt,Short,1350.0,-4050.0,1.0
ES,GAP,2017-05-18 08:29:00,2017-05-18 08:37:00,2790.25,2794.5,10.0,2125.0,96700.0,0.02125,0.967,0.0,0.13333333333333333,LE,LX.Targ.Pcnt,Long,875.0,-2125.0,1.0
ES,GAP,2017-05-19 08:29:00,2017-05-19 08:52:00,2808.0,2815.0,4.0,-1400.0,95300.0,-0.014,0.953,-0.014,0.38333333333333336,SE,SX.Stop2.C,Short,1450.0,-250.0,0.0294
ES,GAP,2017-05-23 08:29:00,2017-05-23 14:59:00,2833.75,2833.75,17.0,0.0,95300.0,0.0,0.953,-0.014,6.5,SE,SX.EOD,Short,2337.5,-4037.5,0.3667
ES,GAP,2017-05-31 08:29:00,2017-05-31 08:50:00,2852.5,2846.5,18.0,5400.0,100700.0,0.054,1.007,0.0,0.35,SE,SX.Targ.Pcnt,Short,225.0,-5400.0,1.0
ES,GAP,2017-06-01 08:29:00,2017-06-01 12:07:00,2853.25,2861.75,5.0,-2125.0,98575.0,-0.02125,0.98575,-0.02125,3.6333333333333333,SE,SX.Stop1.C,Short,2187.5,-875.0,0.0204
ES,GAP,2017-06-06 08:29:00,2017-06-06 14:59:00,2865.5,2865.75,10.0,125.0,98700.0,0.00125,0.987,-0.02,6.5,LE,LX.EOD,Long,750.0,-3625.0,0.2
ES,GAP,2017-06-13 08:29:00,2017-06-13 14:59:00,2871.75,2874.75,4.0,-600.0,98100.0,-0.006,0.981,-0.026,6.5,SE,SX.EOD,Short,1350.0,-750.0,0.35710000000000003
ES,GAP,2017-06-14 08:29:00,2017-06-14 08:39:00,2880.75,2876.25,18.0,4050.0,102150.0,0.0405,1.0215,0.0,0.16666666666666666,SE,SX.Targ.Pcnt,Short,1125.0,-4050.0,1.0
ES,GAP,2017-06-15 08:29:00,2017-06-15 14:59:00,2859.75,2869.0,2.0,925.0,103075.0,0.00925,1.03075,0.0,6.5,LE,LX.EOD,Long,425.0,-1150.0,0.8571
ES,GAP,2017-06-20 08:29:00,2017-06-20 10:39:00,2885.5,2880.25,8.0,-2100.0,100975.0,-0.021,1.00975,-0.021,2.1666666666666665,LE,LX.Stop1.C,Long,2100.0,-200.0,0.0
ES,GAP,2017-06-27 08:29:00,2017-06-27 12:38:00,2872.5,2865.0,18.0,-6750.0,94225.0,-0.0675,0.94225,-0.0885,4.15,LE,LX.Stop1.C,Long,6750.0,-3375.0,0.0
ES,GAP,2017-06-28 08:29:00,2017-06-28 10:53:00,2866.5,2876.75,18.0,-9225.0,85000.0,-0.09225,0.85,-0.18075,2.4,SE,SX.Stop2.C,Short,9900.0,-1575.0,0.0588
ES,GAP,2017-06-30 08:29:00,2017-06-30 14:59:00,2863.25,2862.5,4.0,150.0,85150.0,0.0015,0.8515,-0.17925,6.5,SE,SX.EOD,Short,1150.0,-1100.0,0.5778
ES,GAP,2017-07-18 08:29:00,2017-07-18 14:59:00,2891.0,2896.5,6.0,1650.0,86800.0,0.0165,0.868,-0.16275,6.5,LE,LX.EOD,Long,1125.0,-2025.0,0.8809999999999999
ES,GAP,2017-07-19 08:29:00,2017-07-19 10:47:00,2901.0,2905.75,8.0,-1900.0,84900.0,-0.019,0.849,-0.18175,2.3,SE,SX.Stop1.C,Short,2100.0,-200.0,0.087
ES,GAP,2017-07-20 08:29:00,2017-07-20 09:32:00,2913.25,2908.25,18.0,4500.0,89400.0,0.045,0.894,-0.13675,1.05,SE,SX.Targ.Pcnt,Short,1125.0,-4500.0,1.0
ES,GAP,2017-07-21 08:29:00,2017-07-21 14:59:00,2906.0,2908.25,6.0,675.0,90075.0,0.00675,0.90075,-0.13,6.5,LE,LX.EOD,Long,1200.0,-975.0,0.8621
ES,GAP,2017-07-25 08:29:00,2017-07-25 14:59:00,2916.75,2913.5,3.0,487.5,90562.5,0.004875,0.905625,-0.125125,6.5,SE,SX.EOD,Short,187.5,-750.0,0.72
ES,GAP,2017-07-26 08:29:00,2017-07-26 14:46:00,2917.75,2912.25,8.0,2200.0,92762.5,0.022,0.927625,-0.103125,6.283333333333333,SE,SX.Targ.Pcnt,Short,100.0,-2200.0,1.0
ES,GAP,2017-08-01 08:29:00,2017-08-01 14:59:00,2914.25,2911.75,4.0,500.0,93262.5,0.005,0.932625,-0.098125,6.5,SE,SX.EOD,Short,0.0,-1400.0,0.35710000000000003
ES,GAP,2017-08-04 08:29:00,2017-08-04 14:59:00,2914.0,2912.5,5.0,375.0,93637.5,0.00375,0.936375,-0.094375,6.5,SE,SX.EOD,Short,750.0,-1375.0,0.5294
ES,GAP,2017-08-11 08:29:00,2017-08-11 09:42:00,2879.0,2885.5,8.0,-2600.0,91037.5,-0.026,0.910375,-0.120375,1.2166666666666666,SE,SX.Stop1.C,Short,2700.0,-1500.0,0.023799999999999998
ES,GAP,2017-08-15 08:29:00,2017-08-15 09:17:00,2908.0,2900.25,14.0,5425.0,96462.5,0.05425,0.964625,-0.066125,0.8,SE,SX.Targ.Pcnt,Short,0.0,-5425.0,1.0
ES,GAP,2017-08-23 08:29:00,2017-08-23 14:59:00,2880.0,2883.25,2.0,325.0,96787.5,0.00325,0.967875,-0.062875,6.5,LE,LX.EOD,Long,200.0,-700.0,0.5832999999999999
ES,GAP,2017-08-29 08:29:00,2017-08-29 14:59:00,2867.25,2884.75,1.0,875.0,97662.5,0.00875,0.976625,-0.054125,6.5,LE,LX.EOD,Long,87.5,-1025.0,0.8652
ES,GAP,2017-09-08 08:29:00,2017-09-08 14:59:00,2900.0,2900.5,6.0,150.0,97812.5,0.0015,0.978125,-0.052625,6.5,LE,LX.EOD,Long,675.0,-1800.0,0.3333
ES,GAP,2017-09-12 08:29:00,2017-09-12 14:59:00,2930.5,2933.75,8.0,-1300.0,96512.5,-0.013,0.965125,-0.065625,6.5,SE,SX.EOD,Short,1800.0,-700.0,0.2
ES,GAP,2017-09-14 08:29:00,2017-09-14 14:59:00,2932.0,2933.5,16.0,1200.0,97712.5,0.012,0.977125,-0.053625,6.5,LE,LX.EOD,Long,1600.0,-4200.0,0.4828
ES,GAP,2017-09-26 08:29:00,2017-09-26 14:59:00,2939.75,2935.25,6.0,1350.0,99062.5,0.0135,0.990625,-0.040125,6.5,SE,SX.EOD,Short,750.0,-1950.0,0.7778
ES,GAP,2017-09-27 08:29:00,2017-09-27 14:59:00,2944.5,2946.75,3.0,-337.5,98725.0,-0.003375,0.98725,-0.0435,6.5,SE,SX.EOD,Short,862.5,-1575.0,0.21539999999999998
ES,GAP,2017-10-05 08:29:00,2017-10-05 10:27:00,2979.0,2983.5,18.0,-4050.0,94675.0,-0.0405,0.94675,-0.084,1.9666666666666666,SE,SX.Stop1.C,Short,4050.0,-675.0,0.0
ES,GAP,2017-10-12 08:29:00,2017-10-12 14:59:00,2989.5,2988.75,18.0,-675.0,94000.0,-0.00675,0.94,-0.09075,6.5,LE,LX.EOD,Long,2025.0,-4275.0,0.2143
ES,GAP,2017-10-18 08:29:00,2017-10-18 14:59:00,3002.75,2999.75,6.0,900.0,94900.0,0.009,0.949,-0.08175,6.5,SE,SX.EOD,Short,75.0,-1350.0,0.6842
ES,GAP,2017-10-19 08:29:00,2017-10-19 14:59:00,2991.25,2999.0,3.0,1162.5,96062.5,0.011625,0.960625,-0.070125,6.5,LE,LX.EOD,Long,750.0,-1312.5,0.9273
ES,GAP,2017-10-20 08:29:00,2017-10-20 14:59:00,3010.75,3010.75,3.0,0.0,96062.5,0.0,0.960625,-0.070125,6.5,SE,SX.EOD,Short,525.0,-562.5,0.4828
ES,GAP,2017-10-24 08:29:00,2017-10-24 14:59:00,3009.0,3006.75,15.0,1687.5,97750.0,0.016875,0.9775,-0.05325,6.5,SE,SX.EOD,Short,1687.5,-3562.5,0.6429
ES,GAP,2017-10-25 08:29:00,2017-10-25 09:17:00,3004.5,2998.25,7.0,-2187.5,95562.5,-0.021875,0.955625,-0.075125,0.8,LE,LX.Stop1.C,Long,2275.0,-525.0,0.0313
ES,GAP,2017-10-26 08:29:00,2017-10-26 14:59:00,3002.5,3001.25,10.0,625.0,96187.5,0.00625,0.961875,-0.068875,6.5,SE,SX.EOD,Short,1750.0,-2125.0,0.6129
ES,GAP,2017-10-31 08:29:00,2017-10-31 14:59:00,3014.25,3013.0,7.0,437.5,96625.0,0.004375,0.96625,-0.0645,6.5,SE,SX.EOD,Short,787.5,-1487.5,0.5385
ES,GAP,2017-11-01 08:29:00,2017-11-01 14:59:00,3022.25,3017.0,3.0,787.5,97412.5,0.007875,0.974125,-0.056625,6.5,SE,SX.EOD,Short,637.5,-1462.5,0.6786
ES,GAP,2017-11-08 08:29:00,2017-11-08 11:30:00,3025.25,3029.75,10.0,2250.0,99662.5,0.0225,0.996625,-0.034125,3.0166666666666666,LE,LX.Targ.Pcnt,Long,1375.0,-2250.0,1.0
ES,GAP,2017-11-09 08:29:00,2017-11-09 14:59:00,3018.0,3023.25,2.0,525.0,100187.5,0.00525,1.001875,-0.028875,6.5,LE,LX.EOD,Long,1375.0,-675.0,0.9268000000000001
ES,GAP,2017-11-14 08:29:00,2017-11-14 14:59:00,3013.75,3018.0,2.0,425.0,100612.5,0.00425,1.006125,-0.024625,6.5,LE,LX.EOD,Long,850.0,-550.0,0.9107
ES,GAP,2017-11-15 08:29:00,2017-11-15 14:59:00,3006.5,3004.5,2.0,-200.0,100412.5,-0.002,1.004125,-0.026625,6.5,LE,LX.EOD,Long,1000.0,-600.0,0.5
ES,GAP,2017-11-17 08:29:00,2017-11-17 14:59:00,3022.0,3018.75,16.0,-2600.0,97812.5,-0.026,0.978125,-0.052625,6.5,LE,LX.EOD,Long,3800.0,-1800.0,0.2143
ES,GAP,2017-11-21 08:29:00,2017-11-21 14:59:00,3032.0,3038.5,18.0,-5850.0,91962.5,-0.0585,0.919625,-0.111125,6.5,SE,SX.EOD,Short,8550.0,-1575.0,0.2667
ES,GAP,2017-12-06 08:29:00,2017-12-06 08:43:00,3066.5,3071.75,9.0,2362.5,94325.0,0.023625,0.94325,-0.0875,0.23333333333333334,LE,LX.Targ.Pcnt,Long,225.0,-2362.5,1.0
ES,GAP,2017-12-08 08:29:00,2017-12-08 14:59:00,3088.5,3090.25,2.0,-175.0,94150.0,-0.00175,0.9415,-0.08925,6.5,SE,SX.EOD,Short,475.0,-375.0,0.3529
ES,GAP,2017-12-20 08:29:00,2017-12-20 09:44:00,3132.5,3118.0,7.0,5075.0,99225.0,0.05075,0.99225,-0.0385,1.25,SE,SX.Targ.Pcnt,Short,437.5,-5075.0,1.0
ES,GAP,2017-12-29 08:29:00,2017-12-29 09:57:00,3132.0,3121.5,4.0,2100.0,101325.0,0.021,1.01325,-0.0175,1.4666666666666666,SE,SX.Targ.Pcnt,Short,50.0,-2100.0,1.0
ES,GAP,2018-01-04 08:29:00,2018-01-04 09:30:00,3157.75,3165.25,4.0,-1500.0,99825.0,-0.015,0.99825,-0.0325,1.0166666666666666,SE,SX.Stop2.C,Short,1500.0,-250.0,0.0
ES,GAP,2018-01-05 08:29:00,2018-01-05 14:49:00,3170.75,3180.0,8.0,-3700.0,96125.0,-0.037,0.96125,-0.0695,6.333333333333333,SE,SX.Stop2.C,Short,4000.0,-2400.0,0.046900000000000004
ES,GAP,2018-01-09 08:29:00,2018-01-09 10:20:00,3189.0,3195.25,18.0,-5625.0,90500.0,-0.05625,0.905,-0.12575,1.85,SE,SX.Stop1.C,Short,5625.0,-2475.0,0.0
ES,GAP,2018-01-10 08:29:00,2018-01-10 14:59:00,3182.5,3186.25,3.0,562.5,91062.5,0.005625,0.910625,-0.120125,6.5,LE,LX.EOD,Long,1162.5,-1125.0,0.7541
ES,GAP,2018-01-11 08:29:00,2018-01-11 11:39:00,3193.0,3201.75,5.0,-2187.5,88875.0,-0.021875,0.88875,-0.142,3.1666666666666665,SE,SX.Stop1.C,Short,2250.0,-500.0,0.0227
ES,GAP,2018-01-12 08:29:00,2018-01-12 08:49:00,3209.75,3214.5,18.0,-4275.0,84600.0,-0.04275,0.846,-0.18475,0.3333333333333333,SE,SX.Stop1.C,Short,4275.0,-1350.0,0.0
ES,GAP,2018-01-24 08:29:00,2018-01-24 10:35:00,3286.25,3275.0,18.0,10125.0,94725.0,0.10125,0.94725,-0.0835,2.1,SE,SX.Targ.Pcnt,Short,6525.0,-10125.0,1.0
ES,GAP,2018-01-25 08:29:00,2018-01-25 08:59:00,3287.5,3272.5,3.0,2250.0,96975.0,0.0225,0.96975,-0.061,0.5,SE,SX.Targ.Pcnt,Short,112.5,-2250.0,1.0
ES,GAP,2018-02-01 08:29:00,2018-02-01 10:43:00,3252.75,3270.25,2.0,1750.0,98725.0,0.0175,0.98725,-0.0435,2.2333333333333334,LE,LX.Targ.Pcnt,Long,50.0,-1750.0,1.0
ES,GAP,2018-02-07 08:29:00,2018-02-07 08:39:00,3124.0,3138.25,2.0,1425.0,100150.0,0.01425,1.0015,-0.02925,0.16666666666666666,LE,LX.Targ.Pcnt,Long,500.0,-1425.0,1.0
ES,GAP,2018-02-13 08:29:00,2018-02-13 12:39:00,3078.0,3099.5,2.0,2150.0,102300.0,0.0215,1.023,-0.00775,4.166666666666667,LE,LX.Targ.Pcnt,Long,550.0,-2150.0,1.0
ES,GAP,2018-02-16 08:29:00,2018-02-16 08:40:00,3161.5,3172.75,5.0,2812.5,105112.5,0.028125,1.051125,0.0,0.18333333333333332,LE,LX.Targ.Pcnt,Long,250.0,-2812.5,1.0
ES,GAP,2018-03-06 08:29:00,2018-03-06 09:55:00,3169.0,3154.5,3.0,2175.0,107287.5,0.02175,1.072875,0.0,1.4333333333333333,SE,SX.Targ.Pcnt,Short,300.0,-2175.0,1.0
ES,GAP,2018-03-08 08:29:00,2018-03-08 11:12:00,3172.25,3160.75,3.0,1725.0,109012.5,0.01725,1.090125,0.0,2.716666666666667,SE,SX.Targ.Pcnt,Short,450.0,-1725.0,1.0
ES,GAP,2018-03-09 08:29:00,2018-03-09 11:05:00,3193.25,3210.25,1.0,-850.0,108162.5,-0.0085,1.081625,-0.0085,2.6,SE,SX.Stop2.C,Short,862.5,-187.5,0.011899999999999999
ES,GAP,2018-03-13 08:29:00,2018-03-13 11:03:00,3234.25,3214.25,5.0,5000.0,113162.5,0.05,1.131625,0.0,2.566666666666667,SE,SX.Targ.Pcnt,Short,1562.5,-5000.0,1.0
ES,GAP,2018-03-14 08:29:00,2018-03-14 10:15:00,3214.0,3197.75,2.0,1625.0,114787.5,0.01625,1.147875,0.0,1.7666666666666666,SE,SX.Targ.Pcnt,Short,175.0,-1625.0,1.0
ES,GAP,2018-03-15 08:29:00,2018-03-15 08:49:00,3192.5,3185.75,7.0,2362.5,117150.0,0.023625,1.1715,0.0,0.3333333333333333,SE,SX.Targ.Pcnt,Short,612.5,-2362.5,1.0
ES,GAP,2018-03-23 08:29:00,2018-03-23 08:47:00,3083.75,3076.5,6.0,2175.0,119325.0,0.02175,1.19325,0.0,0.3,SE,SX.Targ.Pcnt,Short,2475.0,-2175.0,1.0
ES,GAP,2018-03-27 08:29:00,2018-03-27 09:15:00,3101.75,3089.25,3.0,1875.0,121200.0,0.01875,1.212,0.0,0.7666666666666667,SE,SX.Targ.Pcnt,Short,375.0,-1875.0,1.0
ES,GAP,2018-04-11 08:29:00,2018-04-11 14:59:00,3071.25,3073.25,1.0,100.0,121300.0,0.001,1.213,0.0,6.5,LE,LX.EOD,Long,25.0,-1162.5,0.10529999999999999
ES,GAP,2018-04-18 08:29:00,2018-04-18 14:59:00,3146.0,3142.25,4.0,750.0,122050.0,0.0075,1.2205,0.0,6.5,SE,SX.EOD,Short,1050.0,-1800.0,0.6315999999999999
ES,GAP,2018-04-19 08:29:00,2018-04-19 10:53:00,3132.5,3121.75,3.0,-1612.5,120437.5,-0.016125,1.204375,-0.016125,2.4,LE,LX.Stop2.C,Long,1612.5,-637.5,0.0
ES,GAP,2018-04-26 08:29:00,2018-04-26 12:10:00,3084.5,3098.25,5.0,-3437.5,117000.0,-0.034375,1.17,-0.0505,3.683333333333333,SE,SX.Stop2.C,Short,3437.5,-1437.5,0.0
ES,GAP,2018-04-27 08:29:00,2018-04-27 09:33:00,3106.75,3095.5,18.0,10125.0,127125.0,0.10125,1.27125,0.0,1.0666666666666667,SE,SX.Targ.Pcnt,Short,2475.0,-10125.0,1.0
ES,GAP,2018-05-01 08:29:00,2018-05-01 09:08:00,3075.0,3068.0,6.0,-2100.0,125025.0,-0.021,1.25025,-0.021,0.65,LE,LX.Stop1.C,Long,2250.0,-300.0,0.0588
ES,GAP,2018-05-04 08:29:00,2018-05-04 09:14:00,3049.75,3066.0,7.0,5687.5,130712.5,0.056875,1.307125,0.0,0.75,LE,LX.Targ.Pcnt,Long,1487.5,-5687.5,1.0
ES,GAP,2018-05-08 08:29:00,2018-05-08 08:50:00,3100.0,3095.0,8.0,-2000.0,128712.5,-0.02,1.287125,-0.02,0.35,LE,LX.Stop1.C,Long,2100.0,-600.0,0.037000000000000005
ES,GAP,2018-05-10 08:29:00,2018-05-10 10:16:00,3137.5,3146.75,9.0,-4162.5,124550.0,-0.041625,1.2455,-0.061625,1.7833333333333334,SE,SX.Stop2.C,Short,4387.5,-562.5,0.0455
ES,GAP,2018-05-15 08:29:00,2018-05-15 14:59:00,3149.0,3140.5,12.0,-5100.0,119450.0,-0.051,1.1945,-0.112625,6.5,LE,LX.EOD,Long,9150.0,-750.0,0.40909999999999996
ES,GAP,2018-05-18 08:29:00,2018-05-18 09:35:00,3150.0,3144.75,8.0,-2100.0,117350.0,-0.021,1.1735,-0.133625,1.1,LE,LX.Stop1.C,Long,2300.0,-1100.0,0.0588
ES,GAP,2018-05-22 08:29:00,2018-05-22 14:11:00,3172.0,3162.75,11.0,5087.5,122437.5,0.050875,1.224375,-0.08275,5.7,SE,SX.Targ.Pcnt,Short,1650.0,-5087.5,1.0
ES,GAP,2018-05-23 08:29:00,2018-05-23 14:59:00,3143.25,3164.5,2.0,2125.0,124562.5,0.02125,1.245625,-0.0615,6.5,LE,LX.EOD,Long,150.0,-2200.0,0.9681000000000001
ES,GAP,2018-05-24 08:29:00,2018-05-24 08:51:00,3160.75,3148.0,6.0,-3825.0,120737.5,-0.03825,1.207375,-0.09975,0.36666666666666664,LE,LX.Stop1.C,Long,3975.0,-900.0,0.0308
ES,GAP,2018-05-25 08:29:00,2018-05-25 14:59:00,3153.5,3153.75,10.0,125.0,120862.5,0.00125,1.208625,-0.0985,6.5,LE,LX.EOD,Long,3250.0,-3375.0,0.5094
ES,GAP,2018-05-30 08:29:00,2018-05-30 10:34:00,3136.25,3151.75,2.0,-1550.0,119312.5,-0.0155,1.193125,-0.114,2.0833333333333335,SE,SX.Stop2.C,Short,1550.0,-125.0,0.0
ES,GAP,2018-05-31 08:29:00,2018-05-31 09:48:00,3152.5,3144.25,14.0,-5775.0,113537.5,-0.05775,1.135375,-0.17175,1.3166666666666667,LE,LX.Stop1.C,Long,5775.0,-525.0,0.0
ES,GAP,2018-06-07 08:29:00,2018-06-07 09:25:00,3209.0,3204.25,18.0,4275.0,117812.5,0.04275,1.178125,-0.129,0.9333333333333333,SE,SX.Targ.Pcnt,Short,3375.0,-4275.0,1.0
ES,GAP,2018-06-08 08:29:00,2018-06-08 11:24:00,3198.5,3206.25,5.0,1937.5,119750.0,0.019375,1.1975,-0.109625,2.9166666666666665,LE,LX.Targ.Pcnt,Long,562.5,-1937.5,1.0
ES,GAP,2018-06-14 08:29:00,2018-06-14 14:59:00,3219.75,3216.5,3.0,487.5,120237.5,0.004875,1.202375,-0.10475,6.5,SE,SX.EOD,Short,562.5,-1387.5,0.5385
ES,GAP,2018-06-15 08:29:00,2018-06-15 14:59:00,3205.5,3211.5,2.0,600.0,120837.5,0.006,1.208375,-0.09875,6.5,LE,LX.EOD,Long,1050.0,-1150.0,0.75
ES,GAP,2018-06-20 08:29:00,2018-06-20 14:59:00,3202.5,3199.75,4.0,550.0,121387.5,0.0055,1.213875,-0.09325,6.5,SE,SX.EOD,Short,1050.0,-1200.0,0.7111
ES,GAP,2018-06-22 08:29:00,2018-06-22 14:59:00,3197.0,3191.0,2.0,600.0,121987.5,0.006,1.219875,-0.08725,6.5,SE,SX.EOD,Short,100.0,-1050.0,0.6087
ES,GAP,2018-07-17 08:29:00,2018-07-17 10:00:00,3221.25,3234.25,3.0,1950.0,123937.5,0.0195,1.239375,-0.06775,1.5166666666666666,LE,LX.Targ.Pcnt,Long,150.0,-1950.0,1.0
ES,GAP,2018-07-19 08:29:00,2018-07-19 14:59:00,3238.0,3235.0,3.0,-450.0,123487.5,-0.0045,1.234875,-0.07225,6.5,LE,LX.EOD,Long,1237.5,-712.5,0.40380000000000005
ES,GAP,2018-07-24 08:29:00,2018-07-24 14:59:00,3252.25,3250.5,4.0,350.0,123837.5,0.0035,1.238375,-0.06875,6.5,SE,SX.EOD,Short,1700.0,-2150.0,0.5325
ES,GAP,2018-08-02 08:29:00,2018-08-02 11:28:00,3227.5,3250.75,1.0,1162.5,125000.0,0.011625,1.25,-0.057125,2.9833333333333334,LE,LX.Targ.Pcnt,Long,150.0,-1162.5,1.0
ES,GAP,2018-08-10 08:29:00,2018-08-10 14:59:00,3266.25,3262.75,1.0,-175.0,124825.0,-0.00175,1.24825,-0.058875,6.5,LE,LX.EOD,Long,537.5,-312.5,0.4265
ES,GAP,2018-08-15 08:29:00,2018-08-15 09:18:00,3253.75,3237.0,4.0,-3350.0,121475.0,-0.0335,1.21475,-0.092375,0.8166666666666667,LE,LX.Stop2.C,Long,3500.0,-500.0,0.0375
ES,GAP,2018-08-16 08:29:00,2018-08-16 14:59:00,3264.75,3269.25,10.0,-2250.0,119225.0,-0.0225,1.19225,-0.114875,6.5,SE,SX.EOD,Short,8250.0,-250.0,0.7059000000000001
ES,GAP,2018-08-21 08:29:00,2018-08-21 08:55:00,3292.25,3299.0,6.0,-2025.0,117200.0,-0.02025,1.172,-0.135125,0.43333333333333335,SE,SX.Stop1.C,Short,2100.0,-75.0,0.0345
ES,GAP,2018-08-23 08:29:00,2018-08-23 08:53:00,3288.5,3294.25,18.0,5175.0,122375.0,0.05175,1.22375,-0.083375,0.4,LE,LX.Targ.Pcnt,Long,0.0,-5175.0,1.0
ES,GAP,2018-08-28 08:29:00,2018-08-28 10:58:00,3333.0,3324.25,5.0,2187.5,124562.5,0.021875,1.245625,-0.0615,2.4833333333333334,SE,SX.Targ.Pcnt,Short,250.0,-2187.5,1.0
ES,GAP,2018-08-31 08:29:00,2018-08-31 09:07:00,3327.25,3333.0,7.0,2012.5,126575.0,0.020125,1.26575,-0.041375,0.6333333333333333,LE,LX.Targ.Pcnt,Long,262.5,-2012.5,1.0
ES,GAP,2018-09-05 08:29:00,2018-09-05 09:02:00,3322.25,3315.5,6.0,-2025.0,124550.0,-0.02025,1.2455,-0.061625,0.55,LE,LX.Stop1.C,Long,2100.0,-675.0,0.027000000000000003
ES,GAP,2018-09-07 08:29:00,2018-09-07 14:59:00,3298.5,3305.25,6.0,2025.0,126575.0,0.02025,1.26575,-0.041375,6.5,LE,LX.EOD,Long,1200.0,-4800.0,0.5375
ES,GAP,2018-09-20 08:29:00,2018-09-20 14:14:00,3351.75,3364.25,2.0,-1250.0,125325.0,-0.0125,1.25325,-0.053875,5.75,SE,SX.Stop2.C,Short,1275.0,-100.0,0.0182
ES,GAP,2018-09-21 08:29:00,2018-09-21 14:58:00,3371.0,3357.5,9.0,6075.0,131400.0,0.06075,1.314,0.0,6.483333333333333,SE,SX.Targ.Pcnt,Short,225.0,-6075.0,1.0
ES,GAP,2018-09-28 08:29:00,2018-09-28 09:52:00,3336.0,3348.0,3.0,1800.0,133200.0,0.018,1.332,0.0,1.3833333333333333,LE,LX.Targ.Pcnt,Long,37.5,-1800.0,1.0
ES,GAP,2018-10-03 08:29:00,2018-10-03 14:59:00,3364.0,3353.5,2.0,1050.0,134250.0,0.0105,1.3425,0.0,6.5,SE,SX.EOD,Short,525.0,-1400.0,0.8181999999999999
ES,GAP,2018-10-10 08:29:00,2018-10-10 08:38:00,3303.75,3295.25,4.0,-1700.0,132550.0,-0.017,1.3255,-0.017,0.15,LE,LX.Stop2.C,Long,1800.0,-150.0,0.0513
ES,GAP,2018-10-11 08:29:00,2018-10-11 08:39:00,3209.0,3200.25,8.0,-3500.0,129050.0,-0.035,1.2905,-0.052,0.16666666666666666,LE,LX.Stop2.C,Long,3700.0,-1800.0,0.0364
ES,GAP,2018-10-18 08:29:00,2018-10-18 10:25:00,3226.0,3215.5,17.0,-8925.0,120125.0,-0.08925,1.20125,-0.14125,1.9333333333333333,LE,LX.Stop2.C,Long,9350.0,-5525.0,0.0286
ES,GAP,2018-11-16 08:29:00,2018-11-16 09:37:00,3143.0,3163.0,2.0,2000.0,122125.0,0.02,1.22125,-0.12125,1.1333333333333333,LE,LX.Targ.Pcnt,Long,525.0,-2000.0,1.0
ES,GAP,2018-11-28 08:29:00,2018-11-28 11:02:00,3119.0,3131.5,2.0,-1250.0,120875.0,-0.0125,1.20875,-0.13375,2.55,SE,SX.Stop2.C,Short,1250.0,-1025.0,0.0
ES,GAP,2018-12-07 08:29:00,2018-12-07 08:39:00,3116.75,3123.25,18.0,5850.0,126725.0,0.0585,1.26725,-0.07525,0.16666666666666666,LE,LX.Targ.Pcnt,Long,2475.0,-5850.0,1.0
ES,GAP,2019-01-15 08:29:00,2019-01-15 08:36:00,3004.75,3010.5,9.0,-2587.5,124137.5,-0.025875,1.241375,-0.101125,0.11666666666666667,SE,SX.Stop1.C,Short,2925.0,-225.0,0.10710000000000001
ES,GAP,2019-01-17 08:29:00,2019-01-17 10:18:00,3025.75,3042.0,6.0,4875.0,129012.5,0.04875,1.290125,-0.052375,1.8166666666666667,LE,LX.Targ.Pcnt,Long,0.0,-4875.0,1.0
ES,GAP,2019-01-18 08:29:00,2019-01-18 11:00:00,3075.0,3091.75,1.0,-837.5,128175.0,-0.008375,1.28175,-0.06075,2.5166666666666666,SE,SX.Stop2.C,Short,837.5,-375.0,0.0
ES,GAP,2019-01-23 08:29:00,2019-01-23 10:19:00,3066.75,3051.25,7.0,5425.0,133600.0,0.05425,1.336,-0.0065,1.8333333333333333,SE,SX.Targ.Pcnt,Short,2625.0,-5425.0,1.0
ES,GAP,2019-01-30 08:29:00,2019-01-30 13:04:00,3075.0,3092.0,1.0,-850.0,132750.0,-0.0085,1.3275,-0.015,4.583333333333333,SE,SX.Stop2.C,Short,962.5,-400.0,0.08259999999999999
ES,GAP,2019-01-31 08:29:00,2019-01-31 08:52:00,3098.0,3102.75,18.0,4275.0,137025.0,0.04275,1.37025,0.0,0.38333333333333336,LE,LX.Targ.Pcnt,Long,900.0,-4275.0,1.0
ES,GAP,2019-02-01 08:29:00,2019-02-01 08:51:00,3125.75,3122.0,12.0,2250.0,139275.0,0.0225,1.39275,0.0,0.36666666666666664,SE,SX.Targ.Pcnt,Short,2100.0,-2250.0,1.0
ES,GAP,2019-02-05 08:29:00,2019-02-05 09:02:00,3147.5,3153.75,7.0,-2187.5,137087.5,-0.021875,1.370875,-0.021875,0.55,SE,SX.Stop1.C,Short,2275.0,-87.5,0.037000000000000005
ES,GAP,2019-02-07 08:29:00,2019-02-07 10:31:00,3133.25,3113.0,4.0,-4050.0,133037.5,-0.0405,1.330375,-0.062375,2.033333333333333,LE,LX.Stop2.C,Long,4350.0,-1150.0,0.0545
ES,GAP,2019-02-08 08:29:00,2019-02-08 14:59:00,3110.25,3122.75,12.0,7500.0,140537.5,0.075,1.405375,0.0,6.5,LE,LX.EOD,Long,5400.0,-8250.0,0.9451
ES,GAP,2019-02-13 08:29:00,2019-02-13 08:48:00,3172.75,3181.75,3.0,-1350.0,139187.5,-0.0135,1.391875,-0.0135,0.31666666666666665,SE,SX.Stop2.C,Short,1387.5,-112.5,0.025
ES,GAP,2019-02-14 08:29:00,2019-02-14 14:59:00,3160.5,3166.25,5.0,1437.5,140625.0,0.014375,1.40625,0.0,6.5,LE,LX.EOD,Long,2437.5,-4562.5,0.5536
ES,GAP,2019-02-15 08:29:00,2019-02-15 08:48:00,3181.0,3191.5,2.0,-1050.0,139575.0,-0.0105,1.39575,-0.0105,0.31666666666666665,SE,SX.Stop2.C,Short,1075.0,-0.0,0.0233
ES,GAP,2019-02-22 08:29:00,2019-02-22 10:22:00,3203.75,3213.0,8.0,-3700.0,135875.0,-0.037,1.35875,-0.0475,1.8833333333333333,SE,SX.Stop2.C,Short,3900.0,-1800.0,0.0351
ES,GAP,2019-02-26 08:29:00,2019-02-26 09:03:00,3212.0,3219.5,18.0,6750.0,142625.0,0.0675,1.42625,0.0,0.5666666666666667,LE,LX.Targ.Pcnt,Long,1350.0,-6750.0,1.0
ES,GAP,2019-02-27 08:29:00,2019-02-27 09:28:00,3206.25,3196.75,3.0,-1425.0,141200.0,-0.01425,1.412,-0.01425,0.9833333333333333,LE,LX.Stop2.C,Long,1462.5,-1012.5,0.0152
ES,GAP,2019-02-28 08:29:00,2019-02-28 10:08:00,3210.0,3204.5,18.0,-4950.0,136250.0,-0.0495,1.3625,-0.06375,1.65,LE,LX.Stop1.C,Long,5400.0,-3375.0,0.0513
ES,GAP,2019-03-07 08:29:00,2019-03-07 08:38:00,3187.25,3180.75,18.0,-5850.0,130400.0,-0.0585,1.304,-0.12225,0.15,LE,LX.Stop1.C,Long,6300.0,-675.0,0.0645
ES,GAP,2019-03-12 08:29:00,2019-03-12 09:30:00,3207.0,3214.0,6.0,-2100.0,128300.0,-0.021,1.283,-0.14325,1.0166666666666666,SE,SX.Stop1.C,Short,2100.0,-300.0,0.0
ES,GAP,2019-03-13 08:29:00,2019-03-13 10:02:00,3221.75,3233.25,7.0,-4025.0,124275.0,-0.04025,1.24275,-0.1835,1.55,SE,SX.Stop2.C,Short,4025.0,-437.5,0.0
ES,GAP,2019-03-15 08:29:00,2019-03-15 10:50:00,3236.25,3245.5,18.0,-8325.0,115950.0,-0.08325,1.1595,-0.26675,2.35,SE,SX.Stop2.C,Short,8550.0,-3600.0,0.018500000000000003
ES,GAP,2019-03-19 08:29:00,2019-03-19 14:32:00,3264.25,3248.5,2.0,1575.0,117525.0,0.01575,1.17525,-0.251,6.05,SE,SX.Targ.Pcnt,Short,950.0,-1575.0,1.0
ES,GAP,2019-03-22 08:29:00,2019-03-22 10:04:00,3259.5,3242.0,1.0,-875.0,116650.0,-0.00875,1.1665,-0.25975,1.5833333333333333,LE,LX.Stop2.C,Long,925.0,-362.5,0.0388
ES,GAP,2019-03-28 08:29:00,2019-03-28 09:04:00,3231.75,3235.75,17.0,-3400.0,113250.0,-0.034,1.1325,-0.29375,0.5833333333333334,SE,SX.Stop1.C,Short,4037.5,-5100.0,0.0698
ES,GAP,2019-03-29 08:29:00,2019-03-29 14:59:00,3250.5,3252.5,11.0,-1100.0,112150.0,-0.011,1.1215,-0.30475,6.5,SE,SX.EOD,Short,2475.0,-6737.5,0.1493
ES,GAP,2019-04-03 08:29:00,2019-04-03 14:59:00,3300.0,3292.25,2.0,775.0,112925.0,0.00775,1.12925,-0.297,6.5,SE,SX.EOD,Short,425.0,-1600.0,0.5926
ES,GAP,2019-04-05 08:29:00,2019-04-05 14:59:00,3304.75,3310.0,4.0,-1050.0,111875.0,-0.0105,1.11875,-0.3075,6.5,SE,SX.EOD,Short,1450.0,-600.0,0.19510000000000002
ES,GAP,2019-04-09 08:29:00,2019-04-09 14:59:00,3303.0,3293.75,6.0,-2775.0,109100.0,-0.02775,1.091,-0.33525,6.5,LE,LX.EOD,Long,3225.0,-900.0,0.1091
ES,GAP,2019-04-11 08:29:00,2019-04-11 10:40:00,3312.75,3306.25,18.0,5850.0,114950.0,0.0585,1.1495,-0.27675,2.183333333333333,SE,SX.Targ.Pcnt,Short,675.0,-5850.0,1.0
ES,GAP,2019-04-12 08:29:00,2019-04-12 14:59:00,3324.25,3324.75,1.0,-25.0,114925.0,-0.00025,1.14925,-0.277,6.5,SE,SX.EOD,Short,275.0,-337.5,0.4082
ES,GAP,2019-04-16 08:29:00,2019-04-16 14:36:00,3334.25,3320.25,7.0,4900.0,119825.0,0.049,1.19825,-0.228,6.116666666666666,SE,SX.Targ.Pcnt,Short,262.5,-4900.0,1.0
ES,GAP,2019-04-18 08:29:00,2019-04-18 09:02:00,3324.25,3316.5,6.0,2325.0,122150.0,0.02325,1.2215,-0.20475,0.55,SE,SX.Targ.Pcnt,Short,750.0,-2325.0,1.0
ES,GAP,2019-04-23 08:29:00,2019-04-23 09:04:00,3330.25,3336.5,8.0,-2500.0,119650.0,-0.025,1.1965,-0.22975,0.5833333333333334,SE,SX.Stop1.C,Short,2500.0,-1200.0,0.0
ES,GAP,2019-05-01 08:29:00,2019-05-01 13:40:00,3369.0,3357.75,9.0,5062.5,124712.5,0.050625,1.247125,-0.179125,5.183333333333334,SE,SX.Targ.Pcnt,Short,900.0,-5062.5,1.0
ES,GAP,2019-05-08 08:29:00,2019-05-08 10:00:00,3294.0,3303.75,4.0,1950.0,126662.5,0.0195,1.266625,-0.159625,1.5166666666666666,LE,LX.Targ.Pcnt,Long,1200.0,-1950.0,1.0
ES,GAP,2019-05-14 08:29:00,2019-05-14 09:15:00,3237.5,3247.0,3.0,-1425.0,125237.5,-0.01425,1.252375,-0.173875,0.7666666666666667,SE,SX.Stop2.C,Short,1537.5,-225.0,0.0638
ES,GAP,2019-05-16 08:29:00,2019-05-16 08:39:00,3274.25,3281.5,10.0,-3625.0,121612.5,-0.03625,1.216125,-0.210125,0.16666666666666666,SE,SX.Stop2.C,Short,3750.0,-0.0,0.0333
ES,GAP,2019-05-21 08:29:00,2019-05-21 14:59:00,3273.75,3281.0,10.0,-3625.0,117987.5,-0.03625,1.179875,-0.246375,6.5,SE,SX.EOD,Short,6000.0,-1125.0,0.3333
ES,GAP,2019-05-22 08:29:00,2019-05-22 14:59:00,3270.25,3274.25,2.0,400.0,118387.5,0.004,1.183875,-0.242375,6.5,LE,LX.EOD,Long,325.0,-1275.0,0.4531
ES,GAP,2019-05-29 08:29:00,2019-05-29 10:29:00,3203.5,3191.5,2.0,-1200.0,117187.5,-0.012,1.171875,-0.254375,2.0,LE,LX.Stop2.C,Long,1225.0,-425.0,0.0152
ES,GAP,2019-06-05 08:29:00,2019-06-05 14:59:00,3234.75,3243.0,4.0,-1650.0,115537.5,-0.0165,1.155375,-0.270875,6.5,SE,SX.EOD,Short,1650.0,-3750.0,0.0
ES,GAP,2019-06-06 08:29:00,2019-06-06 08:33:00,3245.0,3240.5,18.0,4050.0,119587.5,0.0405,1.195875,-0.230375,0.06666666666666667,SE,SX.Targ.Pcnt,Short,675.0,-4050.0,1.0
ES,GAP,2019-06-07 08:29:00,2019-06-07 08:54:00,3271.5,3281.5,2.0,-1000.0,118587.5,-0.01,1.185875,-0.240375,0.4166666666666667,SE,SX.Stop2.C,Short,1075.0,-175.0,0.06
ES,GAP,2019-06-12 08:29:00,2019-06-12 08:31:00,3298.25,3302.5,18.0,3825.0,122412.5,0.03825,1.224125,-0.202125,0.03333333333333333,LE,LX.Targ.Pcnt,Long,0.0,-3825.0,1.0
ES,GAP,2019-06-26 08:29:00,2019-06-26 13:55:00,3343.0,3328.25,3.0,2212.5,124625.0,0.022125,1.24625,-0.18,5.433333333333334,SE,SX.Targ.Pcnt,Short,712.5,-2212.5,1.0
ES,GAP,2019-06-27 08:29:00,2019-06-27 14:59:00,3338.25,3341.25,3.0,-450.0,124175.0,-0.0045,1.24175,-0.1845,6.5,SE,SX.EOD,Short,937.5,-787.5,0.2826
ES,GAP,2019-06-28 08:29:00,2019-06-28 14:59:00,3349.0,3355.5,7.0,-2275.0,121900.0,-0.02275,1.219,-0.20725,6.5,SE,SX.EOD,Short,3237.5,-1837.5,0.18969999999999998
ES,GAP,2019-07-09 08:29:00,2019-07-09 14:59:00,3377.0,3396.25,12.0,11550.0,133450.0,0.1155,1.3345,-0.09175,6.5,LE,LX.EOD,Long,150.0,-12150.0,0.9512
ES,GAP,2019-07-10 08:29:00,2019-07-10 14:59:00,3406.0,3406.75,2.0,-75.0,133375.0,-0.00075,1.33375,-0.0925,6.5,SE,SX.EOD,Short,1250.0,-650.0,0.6184000000000001
ES,GAP,2019-07-11 08:29:00,2019-07-11 12:38:00,3414.0,3404.75,11.0,5087.5,138462.5,0.050875,1.384625,-0.041625,4.15,SE,SX.Targ.Pcnt,Short,1787.5,-5087.5,1.0
ES,GAP,2019-07-18 08:29:00,2019-07-18 13:19:00,3391.75,3401.25,5.0,2375.0,140837.5,0.02375,1.408375,-0.017875,4.833333333333333,LE,LX.Targ.Pcnt,Long,1250.0,-2375.0,1.0
ES,GAP,2019-07-23 08:29:00,2019-07-23 14:59:00,3410.75,3416.25,2.0,-550.0,140287.5,-0.0055,1.402875,-0.023375,6.5,SE,SX.EOD,Short,850.0,-950.0,0.16670000000000001
ES,GAP,2019-07-25 08:29:00,2019-07-25 08:32:00,3428.75,3425.5,18.0,-2925.0,137362.5,-0.02925,1.373625,-0.052625,0.05,LE,LX.Stop1.C,Long,3600.0,-0.0,0.1875
ES,GAP,2019-07-30 08:29:00,2019-07-30 14:59:00,3415.75,3421.5,10.0,2875.0,140237.5,0.02875,1.402375,-0.023875,6.5,LE,LX.EOD,Long,1625.0,-6750.0,0.5373
ES,GAP,2019-08-20 08:29:00,2019-08-20 08:34:00,3329.5,3322.0,5.0,-1875.0,138362.5,-0.01875,1.383625,-0.042625,0.08333333333333333,LE,LX.Stop1.C,Long,2062.5,-437.5,0.075
ES,GAP,2019-08-23 08:29:00,2019-08-23 10:06:00,3320.75,3305.25,5.0,-3875.0,134487.5,-0.03875,1.344875,-0.081375,1.6166666666666667,LE,LX.Stop2.C,Long,4875.0,-4500.0,0.1067
ES,GAP,2019-09-06 08:29:00,2019-09-06 08:38:00,3392.25,3385.0,18.0,6525.0,141012.5,0.06525,1.410125,-0.016125,0.15,SE,SX.Targ.Pcnt,Short,675.0,-6525.0,1.0
ES,GAP,2019-09-10 08:29:00,2019-09-10 08:39:00,3383.25,3375.0,4.0,-1650.0,139362.5,-0.0165,1.393625,-0.032625,0.16666666666666666,LE,LX.Stop2.C,Long,1650.0,-50.0,0.0
ES,GAP,2019-09-12 08:29:00,2019-09-12 12:02:00,3420.25,3430.0,8.0,-3900.0,135462.5,-0.039,1.354625,-0.071625,3.55,SE,SX.Stop2.C,Short,4700.0,-3300.0,0.1
ES,GAP,2019-09-27 08:29:00,2019-09-27 09:05:00,3397.75,3384.5,18.0,11925.0,147387.5,0.11925,1.473875,0.0,0.6,SE,SX.Targ.Pcnt,Short,900.0,-11925.0,1.0
ES,GAP,2019-10-01 08:29:00,2019-10-01 09:06:00,3396.75,3382.25,3.0,2175.0,149562.5,0.02175,1.495625,0.0,0.6166666666666667,SE,SX.Targ.Pcnt,Short,975.0,-2175.0,1.0
ES,GAP,2019-10-02 08:29:00,2019-10-02 08:54:00,3332.5,3312.5,1.0,-1000.0,148562.5,-0.01,1.485625,-0.01,0.4166666666666667,LE,LX.Stop2.C,Long,1012.5,-50.0,0.0118
ES,GAP,2019-10-04 08:29:00,2019-10-04 08:37:00,3327.5,3336.5,9.0,-4050.0,144512.5,-0.0405,1.445125,-0.0505,0.13333333333333333,SE,SX.Stop2.C,Short,4387.5,-337.5,0.07139999999999999
ES,GAP,2019-10-15 08:29:00,2019-10-15 09:15:00,3385.25,3396.0,18.0,-9675.0,134837.5,-0.09675,1.348375,-0.14725,0.7666666666666667,SE,SX.Stop2.C,Short,9900.0,-450.0,0.0217
ES,GAP,2019-10-16 08:29:00,2019-10-16 14:59:00,3399.5,3398.75,6.0,-225.0,134612.5,-0.00225,1.346125,-0.1495,6.5,LE,LX.EOD,Long,1650.0,-2175.0,0.3725
ES,GAP,2019-10-17 08:29:00,2019-10-17 14:59:00,3412.0,3406.0,6.0,1800.0,136412.5,0.018,1.364125,-0.1315,6.5,SE,SX.EOD,Short,1575.0,-3675.0,0.6429
ES,GAP,2019-10-22 08:29:00,2019-10-22 13:48:00,3421.5,3412.25,4.0,1850.0,138262.5,0.0185,1.382625,-0.113,5.316666666666666,SE,SX.Targ.Pcnt,Short,350.0,-1850.0,1.0
ES,GAP,2019-10-24 08:29:00,2019-10-24 09:31:00,3421.75,3408.75,3.0,1950.0,140212.5,0.0195,1.402125,-0.0935,1.0333333333333334,SE,SX.Targ.Pcnt,Short,412.5,-1950.0,1.0
ES,GAP,2019-10-25 08:29:00,2019-10-25 09:20:00,3411.5,3421.25,4.0,1950.0,142162.5,0.0195,1.421625,-0.074,0.85,LE,LX.Targ.Pcnt,Long,200.0,-1950.0,1.0
ES,GAP,2019-10-29 08:29:00,2019-10-29 08:53:00,3443.75,3448.75,8.0,2000.0,144162.5,0.02,1.441625,-0.054,0.4,LE,LX.Targ.Pcnt,Long,900.0,-2000.0,1.0
ES,GAP,2019-11-01 08:29:00,2019-11-01 14:59:00,3461.5,3471.25,1.0,-487.5,143675.0,-0.004875,1.43675,-0.058875,6.5,SE,SX.EOD,Short,562.5,-100.0,0.11320000000000001
ES,GAP,2019-11-07 08:29:00,2019-11-07 14:59:00,3497.75,3492.5,5.0,1312.5,144987.5,0.013125,1.449875,-0.04575,6.5,SE,SX.EOD,Short,2125.0,-2437.5,0.7534000000000001
ES,GAP,2019-11-12 08:29:00,2019-11-12 08:52:00,3498.75,3504.75,8.0,-2400.0,142587.5,-0.024,1.425875,-0.06975,0.38333333333333336,SE,SX.Stop1.C,Short,2600.0,-900.0,0.0571
ES,GAP,2019-11-13 08:29:00,2019-11-13 12:51:00,3489.75,3505.75,7.0,5600.0,148187.5,0.056,1.481875,-0.01375,4.366666666666666,LE,LX.Targ.Pcnt,Long,875.0,-5600.0,1.0
ES,GAP,2019-11-14 08:29:00,2019-11-14 09:05:00,3497.75,3503.75,8.0,2400.0,150587.5,0.024,1.505875,0.0,0.6,LE,LX.Targ.Pcnt,Long,300.0,-2400.0,1.0
ES,GAP,2019-11-19 08:29:00,2019-11-19 09:48:00,3537.25,3526.75,4.0,2100.0,152687.5,0.021,1.526875,0.0,1.3166666666666667,SE,SX.Targ.Pcnt,Short,50.0,-2100.0,1.0
ES,GAP,2019-11-20 08:29:00,2019-11-20 11:57:00,3522.0,3512.5,4.0,-1900.0,150787.5,-0.019,1.507875,-0.019,3.466666666666667,LE,LX.Stop2.C,Long,2050.0,-1150.0,0.046900000000000004
ES,GAP,2019-11-22 08:29:00,2019-11-22 10:06:00,3520.5,3507.75,8.0,5100.0,155887.5,0.051,1.558875,0.0,1.6166666666666667,SE,SX.Targ.Pcnt,Short,200.0,-5100.0,1.0
ES,GAP,2019-11-27 08:29:00,2019-11-27 13:48:00,3555.25,3562.5,4.0,-1450.0,154437.5,-0.0145,1.544375,-0.0145,5.316666666666666,SE,SX.Stop2.C,Short,1450.0,-750.0,0.0
ES,GAP,2019-12-04 08:29:00,2019-12-04 14:59:00,3515.75,3523.5,5.0,-1937.5,152500.0,-0.019375,1.525,-0.033875,6.5,SE,SX.EOD,Short,3250.0,-1312.5,0.2877
ES,GAP,2019-12-05 08:29:00,2019-12-05 09:01:00,3527.75,3519.5,18.0,7425.0,159925.0,0.07425,1.59925,0.0,0.5333333333333333,SE,SX.Targ.Pcnt,Short,1575.0,-7425.0,1.0
ES,GAP,2019-12-11 08:29:00,2019-12-11 14:59:00,3547.75,3551.0,5.0,-812.5,159112.5,-0.008125,1.591125,-0.008125,6.5,SE,SX.EOD,Short,1500.0,-1250.0,0.25
ES,GAP,2019-12-13 08:29:00,2019-12-13 08:54:00,3574.75,3579.75,18.0,4500.0,163612.5,0.045,1.636125,0.0,0.4166666666666667,LE,LX.Targ.Pcnt,Long,4500.0,-4500.0,1.0
ES,GAP,2019-12-17 08:29:00,2019-12-17 14:59:00,3608.25,3602.75,5.0,1375.0,164987.5,0.01375,1.649875,0.0,6.5,SE,SX.EOD,Short,437.5,-1625.0,0.8787999999999999
ES,GAP,2019-12-27 08:29:00,2019-12-27 09:00:00,3656.75,3645.0,4.0,2350.0,167337.5,0.0235,1.673375,0.0,0.5166666666666667,SE,SX.Targ.Pcnt,Short,150.0,-2350.0,1.0
ES,GAP,2019-12-31 08:29:00,2019-12-31 08:50:00,3622.25,3632.25,5.0,2500.0,169837.5,0.025,1.698375,0.0,0.35,LE,LX.Targ.Pcnt,Long,687.5,-2500.0,1.0
ES,GAP,2020-01-07 08:29:00,2020-01-07 08:48:00,3645.75,3638.75,4.0,-1400.0,168437.5,-0.014,1.684375,-0.014,0.31666666666666665,LE,LX.Stop2.C,Long,1500.0,-600.0,0.047599999999999996
ES,GAP,2020-01-09 08:29:00,2020-01-09 14:59:00,3677.25,3680.5,4.0,-650.0,167787.5,-0.0065,1.677875,-0.0205,6.5,SE,SX.EOD,Short,1200.0,-1300.0,0.22
ES,GAP,2020-01-10 08:29:00,2020-01-10 11:04:00,3689.25,3678.25,18.0,9900.0,177687.5,0.099,1.776875,0.0,2.5833333333333335,SE,SX.Targ.Pcnt,Short,900.0,-9900.0,1.0
ES,GAP,2020-01-14 08:29:00,2020-01-14 08:59:00,3691.25,3686.5,8.0,-1900.0,175787.5,-0.019,1.757875,-0.019,0.5,LE,LX.Stop1.C,Long,2200.0,-700.0,0.10339999999999999
ES,GAP,2020-01-16 08:29:00,2020-01-16 14:59:00,3712.25,3722.0,5.0,-2437.5,173350.0,-0.024375,1.7335,-0.043375,6.5,SE,SX.EOD,Short,2625.0,-750.0,0.0556
ES,GAP,2020-01-17 08:29:00,2020-01-17 14:59:00,3732.5,3735.75,18.0,-2925.0,170425.0,-0.02925,1.70425,-0.072625,6.5,SE,SX.EOD,Short,3825.0,-6300.0,0.0889
ES,GAP,2020-02-07 08:29:00,2020-02-07 14:59:00,3738.75,3733.25,2.0,-550.0,169875.0,-0.0055,1.69875,-0.078125,6.5,LE,LX.EOD,Long,1150.0,-900.0,0.2927
ES,GAP,2020-02-13 08:29:00,2020-02-13 14:59:00,3769.0,3780.0,4.0,2200.0,172075.0,0.022,1.72075,-0.056125,6.5,LE,LX.EOD,Long,700.0,-4450.0,0.5631
ES,GAP,2020-03-31 08:29:00,2020-03-31 08:53:00,3016.5,2999.0,2.0,-1750.0,170325.0,-0.0175,1.70325,-0.073625,0.4,LE,LX.Stop2.C,Long,1775.0,-725.0,0.01
ES,GAP,2020-04-02 08:29:00,2020-04-02 08:34:00,2858.75,2882.0,4.0,4650.0,174975.0,0.0465,1.74975,-0.027125,0.08333333333333333,LE,LX.Targ.Pcnt,Long,150.0,-4650.0,1.0
ES,GAP,2020-04-03 08:29:00,2020-04-03 08:42:00,2929.0,2937.75,3.0,1312.5,176287.5,0.013125,1.762875,-0.014,0.21666666666666667,LE,LX.Targ.Pcnt,Long,1537.5,-1312.5,1.0
ES,GAP,2020-04-16 08:29:00,2020-04-16 08:58:00,3203.25,3186.5,2.0,1675.0,177962.5,0.01675,1.779625,0.0,0.48333333333333334,SE,SX.Targ.Pcnt,Short,950.0,-1675.0,1.0
ES,GAP,2020-04-23 08:29:00,2020-04-23 08:39:00,3221.0,3237.5,2.0,-1650.0,176312.5,-0.0165,1.763125,-0.0165,0.16666666666666666,SE,SX.Stop2.C,Short,1650.0,-450.0,0.0
ES,GAP,2020-04-24 08:29:00,2020-04-24 14:10:00,3222.25,3240.5,4.0,-3650.0,172662.5,-0.0365,1.726625,-0.053,5.683333333333334,SE,SX.Stop2.C,Short,3750.0,-4450.0,0.012199999999999999
ES,GAP,2020-05-19 08:29:00,2020-05-19 08:47:00,3358.75,3350.0,18.0,-7875.0,164787.5,-0.07875,1.647875,-0.13175,0.3,LE,LX.Stop1.C,Long,8325.0,-2025.0,0.0435
ES,GAP,2020-05-28 08:29:00,2020-05-28 11:42:00,3461.25,3476.75,2.0,-1550.0,163237.5,-0.0155,1.632375,-0.14725,3.216666666666667,SE,SX.Stop2.C,Short,1600.0,-1350.0,0.0169
ES,GAP,2020-06-10 08:29:00,2020-06-10 08:42:00,3628.5,3621.0,14.0,5250.0,168487.5,0.0525,1.684875,-0.09475,0.21666666666666667,SE,SX.Targ.Pcnt,Short,3325.0,-5250.0,1.0
ES,GAP,2020-06-25 08:29:00,2020-06-25 08:41:00,3463.25,3451.75,6.0,-3450.0,165037.5,-0.0345,1.650375,-0.12925,0.2,LE,LX.Stop1.C,Long,3525.0,-675.0,0.0179
ES,GAP,2020-06-26 08:29:00,2020-06-26 08:45:00,3489.0,3475.0,6.0,-4200.0,160837.5,-0.042,1.608375,-0.17125,0.26666666666666666,LE,LX.Stop2.C,Long,4350.0,-750.0,0.0294
ES,GAP,2020-07-01 08:29:00,2020-07-01 08:34:00,3521.25,3534.25,18.0,-11700.0,149137.5,-0.117,1.491375,-0.28825,0.08333333333333333,SE,SX.Stop2.C,Short,12150.0,-1125.0,0.0339
ES,GAP,2020-07-07 08:29:00,2020-07-07 14:54:00,3580.5,3563.5,1.0,-850.0,148287.5,-0.0085,1.482875,-0.29675,6.416666666666667,LE,LX.Stop2.C,Long,925.0,-1100.0,0.037000000000000005
ES,GAP,2020-07-08 08:29:00,2020-07-08 08:35:00,3571.5,3579.5,10.0,-4000.0,144287.5,-0.04,1.442875,-0.33675,0.1,SE,SX.Stop2.C,Short,4250.0,-1500.0,0.0435
ES,GAP,2020-07-09 08:29:00,2020-07-09 08:38:00,3596.5,3584.5,18.0,10800.0,155087.5,0.108,1.550875,-0.22875,0.15,SE,SX.Targ.Pcnt,Short,1575.0,-10800.0,1.0
ES,GAP,2020-07-14 08:29:00,2020-07-14 09:34:00,3560.25,3582.25,2.0,2200.0,157287.5,0.022,1.572875,-0.20675,1.0833333333333333,LE,LX.Targ.Pcnt,Long,1300.0,-2200.0,1.0
ES,GAP,2020-07-22 08:29:00,2020-07-22 08:36:00,3673.75,3679.75,7.0,2100.0,159387.5,0.021,1.593875,-0.18575,0.11666666666666667,LE,LX.Targ.Pcnt,Long,262.5,-2100.0,1.0
ES,GAP,2020-07-23 08:29:00,2020-07-23 08:50:00,3691.5,3698.25,7.0,2362.5,161750.0,0.023625,1.6175,-0.162125,0.35,LE,LX.Targ.Pcnt,Long,875.0,-2362.5,1.0
ES,GAP,2020-08-05 08:29:00,2020-08-05 14:59:00,3742.75,3749.5,2.0,-675.0,161075.0,-0.00675,1.61075,-0.168875,6.5,SE,SX.EOD,Short,875.0,-325.0,0.16670000000000001
ES,GAP,2020-08-06 08:29:00,2020-08-06 09:13:00,3743.0,3751.5,11.0,4675.0,165750.0,0.04675,1.6575,-0.122125,0.7333333333333333,LE,LX.Targ.Pcnt,Long,962.5,-4675.0,1.0
ES,GAP,2020-08-11 08:29:00,2020-08-11 14:17:00,3796.5,3777.0,2.0,1950.0,167700.0,0.0195,1.677,-0.102625,5.8,SE,SX.Targ.Pcnt,Short,650.0,-1950.0,1.0
ES,GAP,2020-08-13 08:29:00,2020-08-13 08:52:00,3794.75,3805.0,4.0,2050.0,169750.0,0.0205,1.6975,-0.082125,0.38333333333333336,LE,LX.Targ.Pcnt,Long,550.0,-2050.0,1.0
ES,GAP,2020-08-14 08:29:00,2020-08-14 08:50:00,3792.0,3787.75,8.0,-1700.0,168050.0,-0.017,1.6805,-0.099125,0.35,LE,LX.Stop1.C,Long,2200.0,-900.0,0.1613
ES,GAP,2020-08-18 08:29:00,2020-08-18 08:44:00,3810.5,3817.0,17.0,-5525.0,162525.0,-0.05525,1.62525,-0.154375,0.25,SE,SX.Stop1.C,Short,5950.0,-212.5,0.069
ES,GAP,2020-08-19 08:29:00,2020-08-19 13:17:00,3818.75,3811.75,18.0,6300.0,168825.0,0.063,1.68825,-0.091375,4.8,SE,SX.Targ.Pcnt,Short,4725.0,-6300.0,1.0
ES,GAP,2020-08-21 08:29:00,2020-08-21 08:50:00,3805.5,3813.0,5.0,1875.0,170700.0,0.01875,1.707,-0.072625,0.35,LE,LX.Targ.Pcnt,Long,625.0,-1875.0,1.0
ES,GAP,2020-08-25 08:29:00,2020-08-25 09:09:00,3863.0,3853.0,3.0,1500.0,172200.0,0.015,1.722,-0.057625,0.6666666666666666,SE,SX.Targ.Pcnt,Short,262.5,-1500.0,1.0
ES,GAP,2020-08-26 08:29:00,2020-08-26 10:10:00,3875.25,3881.25,4.0,-1200.0,171000.0,-0.012,1.71,-0.069625,1.6833333333333333,SE,SX.Stop2.C,Short,1250.0,-1200.0,0.0204
ES,GAP,2020-08-27 08:29:00,2020-08-27 10:47:00,3914.25,3926.0,6.0,-3525.0,167475.0,-0.03525,1.67475,-0.104875,2.3,SE,SX.Stop2.C,Short,3675.0,-3675.0,0.0204
ES,GAP,2020-09-04 08:29:00,2020-09-04 08:54:00,3894.5,3873.5,11.0,11550.0,179025.0,0.1155,1.79025,0.0,0.4166666666666667,SE,SX.Targ.Pcnt,Short,6050.0,-11550.0,1.0
ES,GAP,2020-09-18 08:29:00,2020-09-18 08:47:00,3797.5,3779.0,2.0,1850.0,180875.0,0.0185,1.80875,0.0,0.3,SE,SX.Targ.Pcnt,Short,75.0,-1850.0,1.0
ES,GAP,2020-09-24 08:29:00,2020-09-24 09:02:00,3650.75,3673.5,1.0,1137.5,182012.5,0.011375,1.820125,0.0,0.55,LE,LX.Targ.Pcnt,Long,712.5,-1137.5,1.0
ES,GAP,2020-09-29 08:29:00,2020-09-29 08:41:00,3778.75,3782.5,10.0,1875.0,183887.5,0.01875,1.838875,0.0,0.2,LE,LX.Targ.Pcnt,Long,1875.0,-1875.0,1.0
ES,GAP,2020-09-30 08:29:00,2020-09-30 08:33:00,3771.25,3781.25,4.0,-2000.0,181887.5,-0.02,1.818875,-0.02,0.06666666666666667,SE,SX.Stop2.C,Short,2250.0,-450.0,0.0926
ES,GAP,2020-10-13 08:29:00,2020-10-13 08:40:00,3959.25,3951.75,18.0,-6750.0,175137.5,-0.0675,1.751375,-0.0875,0.18333333333333332,LE,LX.Stop1.C,Long,6975.0,-3600.0,0.0213
ES,GAP,2020-10-14 08:29:00,2020-10-14 08:48:00,3948.25,3956.25,18.0,-7200.0,167937.5,-0.072,1.679375,-0.1595,0.31666666666666665,SE,SX.Stop2.C,Short,7425.0,-4500.0,0.0189
ES,GAP,2020-10-20 08:29:00,2020-10-20 09:11:00,3874.25,3888.75,2.0,-1450.0,166487.5,-0.0145,1.664875,-0.174,0.7,SE,SX.Stop2.C,Short,1500.0,-525.0,0.024700000000000003
ES,GAP,2020-10-22 08:29:00,2020-10-22 08:31:00,3868.75,3873.0,18.0,-3825.0,162662.5,-0.03825,1.626625,-0.21225,0.03333333333333333,SE,SX.Stop1.C,Short,4500.0,-900.0,0.125
ES,GAP,2020-10-23 08:29:00,2020-10-23 10:27:00,3898.5,3878.75,13.0,12837.5,175500.0,0.128375,1.755,-0.083875,1.9666666666666666,SE,SX.Targ.Pcnt,Short,325.0,-12837.5,1.0
ES,GAP,2020-10-27 08:29:00,2020-10-27 08:32:00,3837.0,3831.25,10.0,2875.0,178375.0,0.02875,1.78375,-0.055125,0.05,SE,SX.Targ.Pcnt,Short,500.0,-2875.0,1.0
ES,GAP,2020-11-06 08:29:00,2020-11-06 08:33:00,3939.0,3928.25,10.0,-5375.0,173000.0,-0.05375,1.73,-0.108875,0.06666666666666667,LE,LX.Stop1.C,Long,5625.0,-1375.0,0.035699999999999996
ES,GAP,2020-11-10 08:29:00,2020-11-10 09:39:00,3969.0,3949.75,4.0,-3850.0,169150.0,-0.0385,1.6915,-0.147375,1.1666666666666667,LE,LX.Stop2.C,Long,3850.0,-3150.0,0.0
ES,GAP,2020-12-08 08:29:00,2020-12-08 11:29:00,4115.25,4137.75,11.0,12375.0,181525.0,0.12375,1.81525,-0.023625,3.0,LE,LX.Targ.Pcnt,Long,275.0,-12375.0,1.0
ES,GAP,2020-12-09 08:29:00,2020-12-09 09:13:00,4147.0,4137.0,4.0,2000.0,183525.0,0.02,1.83525,-0.003625,0.7333333333333333,SE,SX.Targ.Pcnt,Short,400.0,-2000.0,1.0
ES,GAP,2020-12-10 08:29:00,2020-12-10 09:52:00,4092.5,4114.75,2.0,2225.0,185750.0,0.02225,1.8575,0.0,1.3833333333333333,LE,LX.Targ.Pcnt,Long,975.0,-2225.0,1.0
ES,GAP,2020-12-16 08:29:00,2020-12-16 08:37:00,4138.25,4132.75,8.0,2200.0,187950.0,0.022,1.8795,0.0,0.13333333333333333,SE,SX.Targ.Pcnt,Short,100.0,-2200.0,1.0
ES,GAP,2020-12-17 08:29:00,2020-12-17 14:59:00,4158.0,4159.25,1.0,-62.5,187887.5,-0.000625,1.878875,-0.000625,6.5,SE,SX.EOD,Short,287.5,-462.5,0.3
ES,GAP,2020-12-18 08:29:00,2020-12-18 08:35:00,4165.5,4158.0,15.0,5625.0,193512.5,0.05625,1.935125,0.0,0.1,SE,SX.Targ.Pcnt,Short,937.5,-5625.0,1.0
ES,GAP,2020-12-22 08:29:00,2020-12-22 08:31:00,4135.25,4130.25,7.0,1750.0,195262.5,0.0175,1.952625,0.0,0.03333333333333333,SE,SX.Targ.Pcnt,Short,175.0,-1750.0,1.0
ES,GAP,2020-12-29 08:29:00,2020-12-29 11:40:00,4191.0,4166.5,1.0,1225.0,196487.5,0.01225,1.964875,0.0,3.183333333333333,SE,SX.Targ.Pcnt,Short,100.0,-1225.0,1.0
ES,GAP,2021-01-05 08:29:00,2021-01-05 08:35:00,4132.75,4144.5,3.0,1762.5,198250.0,0.017625,1.9825,0.0,0.1,LE,LX.Targ.Pcnt,Long,112.5,-1762.5,1.0
ES,GAP,2021-01-21 08:29:00,2021-01-21 08:41:00,4295.5,4286.0,4.0,1900.0,200150.0,0.019,2.0015,0.0,0.2,SE,SX.Targ.Pcnt,Short,250.0,-1900.0,1.0
ES,GAP,2021-01-26 08:29:00,2021-01-26 09:20:00,4304.75,4290.75,3.0,2100.0,202250.0,0.021,2.0225,0.0,0.85,SE,SX.Targ.Pcnt,Short,637.5,-2100.0,1.0
ES,GAP,2021-02-03 08:29:00,2021-02-03 09:27:00,4276.25,4260.5,3.0,2362.5,204612.5,0.023625,2.046125,0.0,0.9666666666666667,SE,SX.Targ.Pcnt,Short,637.5,-2362.5,1.0
ES,GAP,2021-02-10 08:29:00,2021-02-10 09:23:00,4369.75,4344.25,1.0,1275.0,205887.5,0.01275,2.058875,0.0,0.9,SE,SX.Targ.Pcnt,Short,150.0,-1275.0,1.0
ES,GAP,2021-02-17 08:29:00,2021-02-17 14:59:00,4356.75,4376.75,1.0,1000.0,206887.5,0.01,2.068875,0.0,6.5,LE,LX.EOD,Long,675.0,-1000.0,1.0
ES,GAP,2021-02-25 08:29:00,2021-02-25 09:37:00,4354.0,4336.0,2.0,-1800.0,205087.5,-0.018,2.050875,-0.018,1.1333333333333333,LE,LX.Stop2.C,Long,1950.0,-1450.0,0.0441
ES,GAP,2021-03-03 08:29:00,2021-03-03 08:44:00,4308.5,4299.25,10.0,-4625.0,200462.5,-0.04625,2.004625,-0.06425,0.25,LE,LX.Stop2.C,Long,4875.0,-4375.0,0.027000000000000003
ES,GAP,2021-03-12 08:29:00,2021-03-12 14:59:00,4368.5,4391.25,11.0,12512.5,212975.0,0.125125,2.12975,0.0,6.5,LE,LX.EOD,Long,4125.0,-12512.5,1.0
ES,GAP,2021-03-17 08:29:00,2021-03-17 13:12:00,4394.0,4415.0,2.0,2100.0,215075.0,0.021,2.15075,0.0,4.716666666666667,LE,LX.Targ.Pcnt,Long,1250.0,-2100.0,1.0
ES,GAP,2021-03-30 08:29:00,2021-03-30 09:22:00,4405.0,4391.75,2.0,-1325.0,213750.0,-0.01325,2.1375,-0.01325,0.8833333333333333,LE,LX.Stop2.C,Long,1350.0,-250.0,0.015600000000000001
ES,GAP,2021-04-20 08:29:00,2021-04-20 09:46:00,4600.25,4585.75,5.0,-3625.0,210125.0,-0.03625,2.10125,-0.0495,1.2833333333333334,LE,LX.Stop2.C,Long,3687.5,-1812.5,0.011399999999999999
ES,GAP,2021-04-21 08:29:00,2021-04-21 08:49:00,4576.0,4587.25,18.0,10125.0,220250.0,0.10125,2.2025,0.0,0.3333333333333333,LE,LX.Targ.Pcnt,Long,1575.0,-10125.0,1.0
ES,GAP,2021-04-27 08:29:00,2021-04-27 08:37:00,4639.75,4635.25,9.0,2025.0,222275.0,0.02025,2.22275,0.0,0.13333333333333333,SE,SX.Targ.Pcnt,Short,225.0,-2025.0,1.0
ES,GAP,2021-05-05 08:29:00,2021-05-05 14:59:00,4633.25,4615.25,1.0,900.0,223175.0,0.009,2.23175,0.0,6.5,SE,SX.EOD,Short,162.5,-1187.5,0.787
ES,GAP,2021-05-07 08:29:00,2021-05-07 08:48:00,4660.0,4669.5,3.0,-1425.0,221750.0,-0.01425,2.2175,-0.01425,0.31666666666666665,SE,SX.Stop2.C,Short,1837.5,-1200.0,0.1358
ES,GAP,2021-05-13 08:29:00,2021-05-13 08:38:00,4528.5,4549.0,4.0,-4100.0,217650.0,-0.041,2.1765,-0.05525,0.15,SE,SX.Stop2.C,Short,4500.0,-150.0,0.086
ES,GAP,2021-05-25 08:29:00,2021-05-25 10:20:00,4661.75,4645.75,17.0,13600.0,231250.0,0.136,2.3125,0.0,1.85,SE,SX.Targ.Pcnt,Short,4037.5,-13600.0,1.0
ES,GAP,2021-05-26 08:29:00,2021-05-26 08:50:00,4648.5,4639.0,4.0,1900.0,233150.0,0.019,2.3315,0.0,0.35,SE,SX.Targ.Pcnt,Short,550.0,-1900.0,1.0
ES,GAP,2021-05-27 08:29:00,2021-05-27 14:59:00,4661.0,4658.5,2.0,250.0,233400.0,0.0025,2.334,0.0,6.5,SE,SX.EOD,Short,550.0,-1025.0,0.5079
ES,GAP,2021-06-02 08:29:00,2021-06-02 10:16:00,4663.0,4671.0,4.0,-1600.0,231800.0,-0.016,2.318,-0.016,1.7833333333333334,SE,SX.Stop2.C,Short,1600.0,-1700.0,0.0
ES,GAP,2021-06-04 08:29:00,2021-06-04 13:30:00,4665.25,4683.5,4.0,-3650.0,228150.0,-0.0365,2.2815,-0.0525,5.016666666666667,SE,SX.Stop2.C,Short,3650.0,-50.0,0.0
ES,GAP,2021-06-08 08:29:00,2021-06-08 08:59:00,4691.5,4676.5,17.0,12750.0,240900.0,0.1275,2.409,0.0,0.5,SE,SX.Targ.Pcnt,Short,425.0,-12750.0,1.0
ES,GAP,2021-06-09 08:29:00,2021-06-09 14:27:00,4689.75,4678.75,4.0,2200.0,243100.0,0.022,2.431,0.0,5.966666666666667,SE,SX.Targ.Pcnt,Short,350.0,-2200.0,1.0
ES,GAP,2021-06-10 08:29:00,2021-06-10 08:41:00,4689.25,4703.25,2.0,-1400.0,241700.0,-0.014,2.417,-0.014,0.2,SE,SX.Stop2.C,Short,1500.0,-100.0,0.0625
ES,GAP,2021-06-11 08:29:00,2021-06-11 10:04:00,4702.0,4691.5,9.0,4725.0,246425.0,0.04725,2.46425,0.0,1.5833333333333333,SE,SX.Targ.Pcnt,Short,675.0,-4725.0,1.0
ES,GAP,2021-06-23 08:29:00,2021-06-23 08:46:00,4704.75,4708.5,12.0,-2250.0,244175.0,-0.0225,2.44175,-0.0225,0.2833333333333333,SE,SX.Stop1.C,Short,2850.0,-1800.0,0.129
ES,GAP,2021-06-25 08:29:00,2021-06-25 14:15:00,4730.5,4739.5,8.0,-3600.0,240575.0,-0.036,2.40575,-0.0585,5.766666666666667,SE,SX.Stop2.C,Short,3700.0,-1500.0,0.0192
ES,GAP,2021-06-29 08:29:00,2021-06-29 13:41:00,4751.75,4743.75,18.0,7200.0,247775.0,0.072,2.47775,0.0,5.2,SE,SX.Targ.Pcnt,Short,4725.0,-7200.0,1.0
ES,GAP,2021-06-30 08:29:00,2021-06-30 09:31:00,4742.0,4752.0,4.0,2000.0,249775.0,0.02,2.49775,0.0,1.0333333333333334,LE,LX.Targ.Pcnt,Long,100.0,-2000.0,1.0
ES,GAP,2021-07-01 08:29:00,2021-07-01 12:33:00,4760.5,4769.75,3.0,-1387.5,248387.5,-0.013875,2.483875,-0.013875,4.066666666666666,SE,SX.Stop2.C,Short,1425.0,-187.5,0.0233
ES,GAP,2021-07-02 08:29:00,2021-07-02 11:36:00,4788.0,4799.25,6.0,-3375.0,245012.5,-0.03375,2.450125,-0.047625,3.1166666666666667,SE,SX.Stop2.C,Short,3450.0,-900.0,0.0172
ES,GAP,2021-07-07 08:29:00,2021-07-07 09:30:00,4807.5,4797.25,18.0,9225.0,254237.5,0.09225,2.542375,0.0,1.0166666666666666,SE,SX.Targ.Pcnt,Short,5400.0,-9225.0,1.0
ES,GAP,2021-07-09 08:29:00,2021-07-09 09:21:00,4796.5,4813.25,1.0,-837.5,253400.0,-0.008375,2.534,-0.008375,0.8666666666666667,SE,SX.Stop2.C,Short,875.0,-112.5,0.038
ES,GAP,2021-07-13 08:29:00,2021-07-13 10:24:00,4832.5,4847.5,7.0,5250.0,258650.0,0.0525,2.5865,0.0,1.9166666666666667,LE,LX.Targ.Pcnt,Long,0.0,-5250.0,1.0
ES,GAP,2021-07-14 08:29:00,2021-07-14 14:59:00,4845.0,4831.75,1.0,662.5,259312.5,0.006625,2.593125,0.0,6.5,SE,SX.EOD,Short,275.0,-1225.0,0.625
ES,GAP,2021-07-15 08:29:00,2021-07-15 12:39:00,4818.25,4804.75,2.0,-1350.0,257962.5,-0.0135,2.579625,-0.0135,4.166666666666667,LE,LX.Stop2.C,Long,1500.0,-850.0,0.0638
ES,GAP,2021-07-21 08:29:00,2021-07-21 10:52:00,4793.75,4808.75,5.0,-3750.0,254212.5,-0.0375,2.542125,-0.051,2.3833333333333333,SE,SX.Stop2.C,Short,3750.0,-437.5,0.0
ES,GAP,2021-08-03 08:29:00,2021-08-03 08:50:00,4854.25,4842.0,18.0,11025.0,265237.5,0.11025,2.652375,0.0,0.35,SE,SX.Targ.Pcnt,Short,2475.0,-11025.0,1.0
ES,GAP,2021-08-06 08:29:00,2021-08-06 14:59:00,4892.75,4894.25,5.0,-375.0,264862.5,-0.00375,2.648625,-0.00375,6.5,SE,SX.EOD,Short,1625.0,-1250.0,0.43479999999999996
ES,GAP,2021-08-13 08:29:00,2021-08-13 14:59:00,4925.5,4924.5,14.0,700.0,265562.5,0.007,2.655625,0.0,6.5,SE,SX.EOD,Short,1750.0,-3675.0,0.45159999999999995
ES,GAP,2021-08-20 08:29:00,2021-08-20 08:46:00,4874.25,4882.75,5.0,-2125.0,263437.5,-0.02125,2.634375,-0.02125,0.2833333333333333,SE,SX.Stop1.C,Short,2687.5,-2062.5,0.1184
ES,GAP,2021-08-24 08:29:00,2021-08-24 14:59:00,4949.0,4948.75,10.0,125.0,263562.5,0.00125,2.635625,-0.02,6.5,SE,SX.EOD,Short,2750.0,-2750.0,0.5227
ES,GAP,2021-08-27 08:29:00,2021-08-27 09:03:00,4942.75,4956.25,3.0,-2025.0,261537.5,-0.02025,2.615375,-0.04025,0.5666666666666667,SE,SX.Stop2.C,Short,2212.5,-450.0,0.0704
ES,GAP,2021-09-03 08:29:00,2021-09-03 08:53:00,4995.0,4986.0,10.0,-4500.0,257037.5,-0.045,2.570375,-0.08525,0.4,LE,LX.Stop2.C,Long,4625.0,-1375.0,0.0208
ES,GAP,2021-09-08 08:29:00,2021-09-08 09:34:00,4978.75,4972.25,18.0,-5850.0,251187.5,-0.0585,2.511875,-0.14375,1.0833333333333333,LE,LX.Stop1.C,Long,6525.0,-6750.0,0.0508
ES,GAP,2021-09-14 08:29:00,2021-09-14 09:01:00,4950.5,4926.75,1.0,1187.5,252375.0,0.011875,2.52375,-0.131875,0.5333333333333333,SE,SX.Targ.Pcnt,Short,100.0,-1187.5,1.0
ES,GAP,2021-09-15 08:29:00,2021-09-15 08:33:00,4913.0,4909.75,12.0,1950.0,254325.0,0.0195,2.54325,-0.112375,0.06666666666666667,SE,SX.Targ.Pcnt,Short,3450.0,-1950.0,1.0
ES,GAP,2021-09-16 08:29:00,2021-09-16 08:34:00,4942.75,4950.0,6.0,2175.0,256500.0,0.02175,2.565,-0.090625,0.08333333333333333,LE,LX.Targ.Pcnt,Long,1425.0,-2175.0,1.0
ES,GAP,2021-10-26 08:29:00,2021-10-26 14:59:00,5051.0,5042.75,1.0,412.5,256912.5,0.004125,2.569125,-0.0865,6.5,SE,SX.EOD,Short,712.5,-750.0,0.7692
ES,GAP,2021-10-27 08:29:00,2021-10-27 08:35:00,5043.75,5037.5,5.0,1562.5,258475.0,0.015625,2.58475,-0.070875,0.1,SE,SX.Targ.Pcnt,Short,937.5,-1562.5,1.0
ES,GAP,2021-11-03 08:29:00,2021-11-03 13:02:00,5093.25,5102.0,5.0,2187.5,260662.5,0.021875,2.606625,-0.049,4.55,LE,LX.Targ.Pcnt,Long,1250.0,-2187.5,1.0
ES,GAP,2021-11-09 08:29:00,2021-11-09 08:46:00,5173.75,5167.5,7.0,2187.5,262850.0,0.021875,2.6285,-0.027125,0.2833333333333333,SE,SX.Targ.Pcnt,Short,700.0,-2187.5,1.0
ES,GAP,2021-11-16 08:29:00,2021-11-16 08:33:00,5151.25,5155.75,10.0,2250.0,265100.0,0.0225,2.651,-0.004625,0.06666666666666667,LE,LX.Targ.Pcnt,Long,250.0,-2250.0,1.0
ES,GAP,2021-11-17 08:29:00,2021-11-17 08:38:00,5168.75,5162.75,7.0,-2100.0,263000.0,-0.021,2.63,-0.025625,0.15,LE,LX.Stop1.C,Long,2450.0,-612.5,0.1143
ES,GAP,2021-11-18 08:29:00,2021-11-18 09:11:00,5171.75,5156.5,7.0,5337.5,268337.5,0.053375,2.683375,0.0,0.7,SE,SX.Targ.Pcnt,Short,612.5,-5337.5,1.0
ES,GAP,2021-12-09 08:29:00,2021-12-09 14:13:00,5159.75,5145.0,2.0,-1475.0,266862.5,-0.01475,2.668625,-0.01475,5.733333333333333,LE,LX.Stop2.C,Long,1500.0,-950.0,0.0102
ES,GAP,2021-12-22 08:29:00,2021-12-22 08:39:00,5119.0,5125.0,14.0,4200.0,271062.5,0.042,2.710625,0.0,0.16666666666666666,LE,LX.Targ.Pcnt,Long,1050.0,-4200.0,1.0
ES,GAP,2021-12-23 08:29:00,2021-12-23 08:38:00,5179.5,5192.75,2.0,-1325.0,269737.5,-0.01325,2.697375,-0.01325,0.15,SE,SX.Stop2.C,Short,1350.0,-200.0,0.0161
ES,GAP,2021-12-28 08:29:00,2021-12-28 08:42:00,5268.5,5272.75,18.0,-3825.0,265912.5,-0.03825,2.659125,-0.0515,0.21666666666666667,SE,SX.Stop1.C,Short,4275.0,-3825.0,0.0556
ES,GAP,2022-01-04 08:29:00,2022-01-04 10:02:00,5284.0,5260.25,11.0,13062.5,278975.0,0.130625,2.78975,0.0,1.55,SE,SX.Targ.Pcnt,Short,3437.5,-13062.5,1.0
ES,GAP,2022-01-13 08:29:00,2022-01-13 09:19:00,5212.0,5195.5,2.0,1650.0,280625.0,0.0165,2.80625,0.0,0.8333333333333334,SE,SX.Targ.Pcnt,Short,625.0,-1650.0,1.0
ES,GAP,2022-02-04 08:29:00,2022-02-04 08:31:00,4952.0,4955.25,10.0,1625.0,282250.0,0.01625,2.8225,0.0,0.03333333333333333,LE,LX.Targ.Pcnt,Long,2375.0,-1625.0,1.0
ES,GAP,2022-03-01 08:29:00,2022-03-01 09:11:00,4842.5,4821.25,2.0,-2125.0,280125.0,-0.02125,2.80125,-0.02125,0.7,LE,LX.Stop2.C,Long,2200.0,-1400.0,0.0208
ES,GAP,2022-03-08 08:29:00,2022-03-08 08:33:00,4683.5,4676.75,10.0,3375.0,283500.0,0.03375,2.835,0.0,0.06666666666666667,SE,SX.Targ.Pcnt,Short,3250.0,-3375.0,1.0
ES,GAP,2022-04-05 08:29:00,2022-04-05 09:02:00,5056.25,5073.75,2.0,1750.0,285250.0,0.0175,2.8525,0.0,0.55,LE,LX.Targ.Pcnt,Long,550.0,-1750.0,1.0
ES,GAP,2022-04-20 08:29:00,2022-04-20 13:53:00,4966.0,4941.25,1.0,1237.5,286487.5,0.012375,2.864875,0.0,5.4,SE,SX.Targ.Pcnt,Short,437.5,-1237.5,1.0
ES,GAP,2022-04-22 08:29:00,2022-04-22 08:40:00,4869.5,4850.0,2.0,-1950.0,284537.5,-0.0195,2.845375,-0.0195,0.18333333333333332,LE,LX.Stop2.C,Long,1950.0,-150.0,0.0
ES,GAP,2022-04-27 08:29:00,2022-04-27 08:43:00,4672.0,4688.0,5.0,-4000.0,280537.5,-0.04,2.805375,-0.0595,0.23333333333333334,SE,SX.Stop2.C,Short,4062.5,-1000.0,0.0123
ES,GAP,2022-05-04 08:29:00,2022-05-04 09:01:00,4670.75,4655.5,17.0,12962.5,293500.0,0.129625,2.935,0.0,0.5333333333333333,SE,SX.Targ.Pcnt,Short,0.0,-12962.5,1.0
ES,GAP,2022-05-11 08:29:00,2022-05-11 08:32:00,4471.25,4491.5,2.0,2025.0,295525.0,0.02025,2.95525,0.0,0.05,LE,LX.Targ.Pcnt,Long,175.0,-2025.0,1.0
ES,GAP,2022-05-25 08:29:00,2022-05-25 08:37:00,4417.0,4442.0,1.0,1250.0,296775.0,0.0125,2.96775,0.0,0.13333333333333333,LE,LX.Targ.Pcnt,Long,250.0,-1250.0,1.0
ES,GAP,2022-06-02 08:29:00,2022-06-02 08:32:00,4586.5,4573.75,9.0,-5737.5,291037.5,-0.057375,2.910375,-0.057375,0.05,LE,LX.Stop1.C,Long,6637.5,-1350.0,0.1127
ES,GAP,2022-06-09 08:29:00,2022-06-09 13:33:00,4586.5,4568.75,4.0,-3550.0,287487.5,-0.0355,2.874875,-0.092875,5.066666666666666,LE,LX.Stop2.C,Long,3700.0,-4500.0,0.0183
ES,GAP,2022-06-28 08:29:00,2022-06-28 08:33:00,4409.75,4429.5,10.0,-9875.0,277612.5,-0.09875,2.776125,-0.191625,0.06666666666666667,SE,SX.Stop2.C,Short,10875.0,-1125.0,0.0833
ES,GAP,2022-06-29 08:29:00,2022-06-29 08:32:00,4318.0,4311.5,6.0,1950.0,279562.5,0.0195,2.795625,-0.172125,0.05,SE,SX.Targ.Pcnt,Short,1500.0,-1950.0,1.0
ES,GAP,2022-07-12 08:29:00,2022-07-12 08:32:00,4340.5,4349.0,5.0,2125.0,281687.5,0.02125,2.816875,-0.150875,0.05,LE,LX.Targ.Pcnt,Long,687.5,-2125.0,1.0
ES,GAP,2022-07-21 08:29:00,2022-07-21 08:36:00,4443.5,4430.75,3.0,-1912.5,279775.0,-0.019125,2.79775,-0.17,0.11666666666666667,LE,LX.Stop2.C,Long,1912.5,-600.0,0.0
ES,GAP,2022-07-28 08:29:00,2022-07-28 08:31:00,4517.75,4527.0,18.0,-8325.0,271450.0,-0.08325,2.7145,-0.25325,0.03333333333333333,SE,SX.Stop1.C,Short,8325.0,-450.0,0.0
ES,GAP,2022-07-29 08:29:00,2022-07-29 09:01:00,4577.75,4595.75,11.0,-9900.0,261550.0,-0.099,2.6155,-0.35225,0.5333333333333333,SE,SX.Stop2.C,Short,10862.5,-4537.5,0.0625
ES,GAP,2022-08-02 08:29:00,2022-08-02 11:14:00,4590.75,4617.25,1.0,1325.0,262875.0,0.01325,2.62875,-0.339,2.75,LE,LX.Targ.Pcnt,Long,1087.5,-1325.0,1.0
ES,GAP,2022-08-04 08:29:00,2022-08-04 08:40:00,4641.75,4635.25,7.0,-2275.0,260600.0,-0.02275,2.606,-0.36175,0.18333333333333332,LE,LX.Stop1.C,Long,2537.5,-1312.5,0.0682
ES,GAP,2022-08-09 08:29:00,2022-08-09 08:56:00,4620.75,4609.75,7.0,-3850.0,256750.0,-0.0385,2.5675,-0.40025,0.45,LE,LX.Stop2.C,Long,3850.0,-2275.0,0.0
ES,GAP,2022-08-23 08:29:00,2022-08-23 08:34:00,4626.5,4633.0,18.0,5850.0,262600.0,0.0585,2.626,-0.34175,0.08333333333333333,LE,LX.Targ.Pcnt,Long,2475.0,-5850.0,1.0
ES,GAP,2022-08-24 08:29:00,2022-08-24 08:35:00,4617.0,4610.5,10.0,-3250.0,259350.0,-0.0325,2.5935,-0.37425,0.1,LE,LX.Stop1.C,Long,3375.0,-625.0,0.0313
ES,GAP,2022-08-25 08:29:00,2022-08-25 09:17:00,4647.75,4663.75,4.0,-3200.0,256150.0,-0.032,2.5615,-0.40625,0.8,SE,SX.Stop2.C,Short,3400.0,-2350.0,0.0348
ES,GAP,2022-08-30 08:29:00,2022-08-30 08:47:00,4533.25,4512.75,12.0,12300.0,268450.0,0.123,2.6845,-0.28325,0.3,SE,SX.Targ.Pcnt,Short,1050.0,-12300.0,1.0
ES,GAP,2022-09-14 08:29:00,2022-09-14 09:27:00,4434.75,4417.0,2.0,1775.0,270225.0,0.01775,2.70225,-0.2655,0.9666666666666667,SE,SX.Targ.Pcnt,Short,1250.0,-1775.0,1.0
ES,GAP,2022-09-30 08:29:00,2022-09-30 08:37:00,4116.75,4106.25,3.0,-1575.0,268650.0,-0.01575,2.6865,-0.28125,0.13333333333333333,LE,LX.Stop2.C,Long,1612.5,-1275.0,0.013000000000000001
ES,GAP,2022-10-06 08:29:00,2022-10-06 08:43:00,4249.25,4277.75,4.0,5700.0,274350.0,0.057,2.7435,-0.22425,0.23333333333333334,LE,LX.Targ.Pcnt,Long,0.0,-5700.0,1.0
ES,GAP,2022-11-08 08:29:00,2022-11-08 09:35:00,4298.5,4311.25,2.0,-1275.0,273075.0,-0.01275,2.73075,-0.237,1.1,SE,SX.Stop2.C,Short,1475.0,-1600.0,0.065
ES,GAP,2022-11-11 08:29:00,2022-11-11 08:40:00,4443.0,4428.0,8.0,6000.0,279075.0,0.06,2.79075,-0.177,0.18333333333333332,SE,SX.Targ.Pcnt,Short,1100.0,-6000.0,1.0
ES,GAP,2022-11-23 08:29:00,2022-11-23 08:34:00,4478.0,4484.5,5.0,1625.0,280700.0,0.01625,2.807,-0.16075,0.08333333333333333,LE,LX.Targ.Pcnt,Long,375.0,-1625.0,1.0
ES,GAP,2022-11-29 08:29:00,2022-11-29 08:31:00,4441.25,4438.5,8.0,1100.0,281800.0,0.011,2.818,-0.14975,0.03333333333333333,SE,SX.Targ.Pcnt,Short,500.0,-1100.0,1.0
ES,GAP,2022-11-30 08:29:00,2022-11-30 08:35:00,4434.25,4440.25,10.0,-3000.0,278800.0,-0.03,2.788,-0.17975,0.1,SE,SX.Stop1.C,Short,3500.0,-375.0,0.129
ES,GAP,2022-12-01 08:29:00,2022-12-01 09:13:00,4569.5,4547.0,4.0,4500.0,283300.0,0.045,2.833,-0.13475,0.7333333333333333,SE,SX.Targ.Pcnt,Short,2450.0,-4500.0,1.0
ES,GAP,2022-12-07 08:29:00,2022-12-07 08:36:00,4405.0,4421.25,2.0,1625.0,284925.0,0.01625,2.84925,-0.1185,0.11666666666666667,LE,LX.Targ.Pcnt,Long,275.0,-1625.0,1.0
ES,GAP,2022-12-08 08:29:00,2022-12-08 09:27:00,4426.0,4447.5,1.0,-1075.0,283850.0,-0.01075,2.8385,-0.12925,0.9666666666666667,SE,SX.Stop2.C,Short,1075.0,-812.5,0.0
ES,GAP,2022-12-09 08:29:00,2022-12-09 10:00:00,4424.25,4446.25,4.0,4400.0,288250.0,0.044,2.8825,-0.08525,1.5166666666666666,LE,LX.Targ.Pcnt,Long,1600.0,-4400.0,1.0
ES,GAP,2022-12-14 08:29:00,2022-12-14 08:32:00,4491.0,4499.25,6.0,2475.0,290725.0,0.02475,2.90725,-0.0605,0.05,LE,LX.Targ.Pcnt,Long,600.0,-2475.0,1.0
ES,GAP,2022-12-20 08:29:00,2022-12-20 08:51:00,4273.75,4264.25,3.0,-1425.0,289300.0,-0.01425,2.893,-0.07475,0.36666666666666664,LE,LX.Stop2.C,Long,1612.5,-1425.0,0.0617
ES,GAP,2023-01-10 08:29:00,2023-01-10 08:32:00,4347.5,4357.0,13.0,6175.0,295475.0,0.06175,2.95475,-0.013,0.05,LE,LX.Targ.Pcnt,Long,325.0,-6175.0,1.0
ES,GAP,2023-01-11 08:29:00,2023-01-11 12:15:00,4398.75,4416.25,1.0,-875.0,294600.0,-0.00875,2.946,-0.02175,3.7666666666666666,SE,SX.Stop2.C,Short,1000.0,-462.5,0.0855
ES,GAP,2023-01-27 08:29:00,2023-01-27 08:51:00,4504.25,4521.25,6.0,5100.0,299700.0,0.051,2.997,0.0,0.36666666666666664,LE,LX.Targ.Pcnt,Long,525.0,-5100.0,1.0
ES,GAP,2023-01-31 08:29:00,2023-01-31 08:49:00,4477.5,4487.75,5.0,-2562.5,297137.5,-0.025625,2.971375,-0.025625,0.3333333333333333,SE,SX.Stop1.C,Short,2687.5,-500.0,0.0392
ES,GAP,2023-02-01 08:29:00,2023-02-01 13:01:00,4518.0,4503.25,5.0,-3687.5,293450.0,-0.036875,2.9345,-0.0625,4.533333333333333,LE,LX.Stop2.C,Long,6125.0,-3125.0,0.2635
ES,GAP,2023-02-07 08:29:00,2023-02-07 10:34:00,4553.5,4567.75,18.0,12825.0,306275.0,0.12825,3.06275,0.0,2.0833333333333335,LE,LX.Targ.Pcnt,Long,6075.0,-12825.0,1.0
ES,GAP,2023-02-14 08:29:00,2023-02-14 09:02:00,4574.75,4597.75,1.0,1150.0,307425.0,0.0115,3.07425,0.0,0.55,LE,LX.Targ.Pcnt,Long,1000.0,-1150.0,1.0
ES,GAP,2023-02-22 08:29:00,2023-02-22 09:10:00,4450.75,4444.5,6.0,1875.0,309300.0,0.01875,3.093,0.0,0.6833333333333333,SE,SX.Targ.Pcnt,Short,2550.0,-1875.0,1.0
ES,GAP,2023-03-09 08:29:00,2023-03-09 08:40:00,4443.5,4451.0,4.0,-1500.0,307800.0,-0.015,3.078,-0.015,0.18333333333333332,SE,SX.Stop2.C,Short,1600.0,-850.0,0.0408
ES,GAP,2023-03-10 08:29:00,2023-03-10 08:36:00,4351.5,4341.0,7.0,-3675.0,304125.0,-0.03675,3.04125,-0.05175,0.11666666666666667,LE,LX.Stop2.C,Long,3850.0,-1750.0,0.0313
ES,GAP,2023-04-04 08:29:00,2023-04-04 08:45:00,4566.25,4556.25,18.0,9000.0,313125.0,0.09,3.13125,0.0,0.26666666666666666,SE,SX.Targ.Pcnt,Short,1125.0,-9000.0,1.0
ES,GAP,2023-04-05 08:29:00,2023-04-05 09:45:00,4526.0,4513.25,3.0,-1912.5,311212.5,-0.019125,3.112125,-0.019125,1.2666666666666666,LE,LX.Stop2.C,Long,1912.5,-1162.5,0.0
ES,GAP,2023-04-06 08:29:00,2023-04-06 11:01:00,4513.5,4528.25,7.0,5162.5,316375.0,0.051625,3.16375,0.0,2.533333333333333,LE,LX.Targ.Pcnt,Long,3850.0,-5162.5,1.0
ES,GAP,2023-04-11 08:29:00,2023-04-11 08:32:00,4546.75,4541.75,9.0,2250.0,318625.0,0.0225,3.18625,0.0,0.05,SE,SX.Targ.Pcnt,Short,900.0,-2250.0,1.0
ES,GAP,2023-04-14 08:29:00,2023-04-14 08:39:00,4571.5,4582.75,4.0,2250.0,320875.0,0.0225,3.20875,0.0,0.16666666666666666,LE,LX.Targ.Pcnt,Long,100.0,-2250.0,1.0
ES,GAP,2023-04-18 08:29:00,2023-04-18 09:31:00,4598.75,4575.5,1.0,1162.5,322037.5,0.011625,3.220375,0.0,1.0333333333333334,SE,SX.Targ.Pcnt,Short,100.0,-1162.5,1.0
ES,GAP,2023-04-26 08:29:00,2023-04-26 09:16:00,4504.75,4496.25,4.0,1700.0,323737.5,0.017,3.237375,0.0,0.7833333333333333,SE,SX.Targ.Pcnt,Short,1100.0,-1700.0,1.0
ES,GAP,2023-04-28 08:29:00,2023-04-28 09:04:00,4551.5,4564.5,3.0,1950.0,325687.5,0.0195,3.256875,0.0,0.5833333333333334,LE,LX.Targ.Pcnt,Long,337.5,-1950.0,1.0
ES,GAP,2023-05-03 08:29:00,2023-05-03 08:52:00,4549.5,4557.0,4.0,-1500.0,324187.5,-0.015,3.241875,-0.015,0.38333333333333336,SE,SX.Stop2.C,Short,1550.0,-700.0,0.0222
ES,GAP,2023-05-09 08:29:00,2023-05-09 14:59:00,4541.5,4540.0,4.0,-300.0,323887.5,-0.003,3.238875,-0.018,6.5,LE,LX.EOD,Long,900.0,-1950.0,0.21050000000000002
ES,GAP,2023-05-12 08:29:00,2023-05-12 09:31:00,4563.0,4544.0,14.0,13300.0,337187.5,0.133,3.371875,0.0,1.0333333333333334,SE,SX.Targ.Pcnt,Short,875.0,-13300.0,1.0
ES,GAP,2023-05-16 08:29:00,2023-05-16 14:59:00,4543.5,4529.5,2.0,-1400.0,335787.5,-0.014,3.357875,-0.014,6.5,LE,LX.EOD,Long,1425.0,-1125.0,0.0098
ES,GAP,2023-05-18 08:29:00,2023-05-18 09:07:00,4573.0,4580.75,13.0,5037.5,340825.0,0.050375,3.40825,0.0,0.6333333333333333,LE,LX.Targ.Pcnt,Long,1462.5,-5037.5,1.0
ES,GAP,2023-05-19 08:29:00,2023-05-19 10:30:00,4626.0,4610.75,2.0,1525.0,342350.0,0.01525,3.4235,0.0,2.0166666666666666,SE,SX.Targ.Pcnt,Short,575.0,-1525.0,1.0
ES,GAP,2023-05-23 08:29:00,2023-05-23 12:32:00,4594.75,4576.75,1.0,-900.0,341450.0,-0.009,3.4145,-0.009,4.05,LE,LX.Stop2.C,Long,1012.5,-487.5,0.075
ES,GAP,2023-06-07 08:29:00,2023-06-07 08:41:00,4699.5,4708.0,14.0,-5950.0,335500.0,-0.0595,3.355,-0.0685,0.2,SE,SX.Stop1.C,Short,6825.0,-1225.0,0.10869999999999999
ES,GAP,2023-06-09 08:29:00,2023-06-09 08:41:00,4710.25,4719.0,18.0,-7875.0,327625.0,-0.07875,3.27625,-0.14725,0.2,SE,SX.Stop2.C,Short,7875.0,-0.0,0.0
ES,GAP,2023-06-13 08:29:00,2023-06-13 14:59:00,4768.25,4775.0,1.0,-337.5,327287.5,-0.003375,3.272875,-0.150625,6.5,SE,SX.EOD,Short,850.0,-512.5,0.3761
ES,GAP,2023-06-14 08:29:00,2023-06-14 08:31:00,4780.5,4777.25,18.0,2925.0,330212.5,0.02925,3.302125,-0.121375,0.03333333333333333,SE,SX.Targ.Pcnt,Short,1800.0,-2925.0,1.0
ES,GAP,2023-06-16 08:29:00,2023-06-16 10:29:00,4853.25,4827.0,1.0,1312.5,331525.0,0.013125,3.31525,-0.10825,2.0,SE,SX.Targ.Pcnt,Short,125.0,-1312.5,1.0
ES,GAP,2023-06-22 08:29:00,2023-06-22 09:15:00,4759.75,4778.0,2.0,1825.0,333350.0,0.01825,3.3335,-0.09,0.7666666666666667,LE,LX.Targ.Pcnt,Long,400.0,-1825.0,1.0
ES,GAP,2023-06-27 08:29:00,2023-06-27 08:43:00,4741.5,4749.25,3.0,-1162.5,332187.5,-0.011625,3.321875,-0.101625,0.23333333333333334,SE,SX.Stop2.C,Short,1425.0,-262.5,0.15560000000000002
ES,GAP,2023-06-28 08:29:00,2023-06-28 11:09:00,4769.0,4785.5,6.0,4950.0,337137.5,0.0495,3.371375,-0.052125,2.6666666666666665,LE,LX.Targ.Pcnt,Long,2325.0,-4950.0,1.0
ES,GAP,2023-06-29 08:29:00,2023-06-29 09:02:00,4774.75,4786.25,4.0,2300.0,339437.5,0.023,3.394375,-0.029125,0.55,LE,LX.Targ.Pcnt,Long,600.0,-2300.0,1.0
ES,GAP,2023-07-07 08:29:00,2023-07-07 08:52:00,4802.0,4811.5,5.0,2375.0,341812.5,0.02375,3.418125,-0.005375,0.38333333333333336,LE,LX.Targ.Pcnt,Long,1625.0,-2375.0,1.0
ES,GAP,2023-07-11 08:29:00,2023-07-11 11:00:00,4815.25,4824.75,3.0,-1425.0,340387.5,-0.01425,3.403875,-0.019625,2.5166666666666666,SE,SX.Stop2.C,Short,1462.5,-1687.5,0.011899999999999999
ES,GAP,2023-07-14 08:29:00,2023-07-14 08:53:00,4911.75,4918.5,10.0,-3375.0,337012.5,-0.03375,3.370125,-0.053375,0.4,SE,SX.Stop2.C,Short,3875.0,-250.0,0.12119999999999999
ES,GAP,2023-07-18 08:29:00,2023-07-18 08:43:00,4910.75,4918.75,18.0,7200.0,344212.5,0.072,3.442125,0.0,0.23333333333333334,LE,LX.Targ.Pcnt,Long,3150.0,-7200.0,1.0
ES,GAP,2023-07-19 08:29:00,2023-07-19 08:32:00,4955.75,4963.5,4.0,-1550.0,342662.5,-0.0155,3.426625,-0.0155,0.05,SE,SX.Stop2.C,Short,1650.0,-50.0,0.0588
ES,GAP,2023-07-20 08:29:00,2023-07-20 13:26:00,4946.5,4930.0,5.0,-4125.0,338537.5,-0.04125,3.385375,-0.05675,4.95,LE,LX.Stop2.C,Long,4187.5,-2437.5,0.009399999999999999
ES,GAP,2023-07-25 08:29:00,2023-07-25 08:36:00,4942.75,4947.5,18.0,4275.0,342812.5,0.04275,3.428125,-0.014,0.11666666666666667,LE,LX.Targ.Pcnt,Long,1350.0,-4275.0,1.0
ES,GAP,2023-07-26 08:29:00,2023-07-26 13:40:00,4947.0,4962.5,2.0,1550.0,344362.5,0.0155,3.443625,0.0,5.183333333333334,LE,LX.Targ.Pcnt,Long,725.0,-1550.0,1.0
ES,GAP,2023-08-16 08:29:00,2023-08-16 08:38:00,4808.0,4820.25,3.0,1837.5,346200.0,0.018375,3.462,0.0,0.15,LE,LX.Targ.Pcnt,Long,112.5,-1837.5,1.0
ES,GAP,2023-09-15 08:29:00,2023-09-15 09:52:00,4850.5,4829.75,1.0,-1037.5,345162.5,-0.010375,3.451625,-0.010375,1.3833333333333333,LE,LX.Stop2.C,Long,1062.5,-125.0,0.021099999999999997
ES,GAP,2023-09-19 08:29:00,2023-09-19 09:03:00,4802.0,4791.5,6.0,-3150.0,342012.5,-0.0315,3.420125,-0.041875,0.5666666666666667,LE,LX.Stop2.C,Long,3375.0,-2025.0,0.0417
ES,GAP,2023-09-27 08:29:00,2023-09-27 09:58:00,4642.5,4618.5,11.0,13200.0,355212.5,0.132,3.552125,0.0,1.4833333333333334,SE,SX.Targ.Pcnt,Short,962.5,-13200.0,1.0
ES,GAP,2023-10-05 08:29:00,2023-10-05 08:37:00,4607.0,4611.25,5.0,1062.5,356275.0,0.010625,3.56275,0.0,0.13333333333333333,LE,LX.Targ.Pcnt,Long,1187.5,-1062.5,1.0
ES,GAP,2023-10-26 08:29:00,2023-10-26 08:54:00,4510.25,4500.5,2.0,-975.0,355300.0,-0.00975,3.553,-0.00975,0.4166666666666667,LE,LX.Stop2.C,Long,1025.0,-725.0,0.0286
ES,GAP,2023-11-16 08:29:00,2023-11-16 08:56:00,4822.5,4836.5,8.0,5600.0,360900.0,0.056,3.609,0.0,0.45,LE,LX.Targ.Pcnt,Long,0.0,-5600.0,1.0
ES,GAP,2023-11-17 08:29:00,2023-11-17 08:30:00,4838.5,4833.75,8.0,1900.0,362800.0,0.019,3.628,0.0,0.016666666666666666,SE,SX.Targ.Pcnt,Short,400.0,-1900.0,1.0
ES,GAP,2023-11-21 08:29:00,2023-11-21 14:59:00,4861.5,4862.0,2.0,50.0,362850.0,0.0005,3.6285,0.0,6.5,LE,LX.EOD,Long,1125.0,-575.0,0.6912
ES,GAP,2023-11-22 08:29:00,2023-11-22 08:38:00,4876.5,4891.0,5.0,-3625.0,359225.0,-0.03625,3.59225,-0.03625,0.15,SE,SX.Stop2.C,Short,3687.5,-125.0,0.016399999999999998
ES,GAP,2023-11-28 08:29:00,2023-11-28 09:42:00,4867.0,4875.75,18.0,7875.0,367100.0,0.07875,3.671,0.0,1.2166666666666666,LE,LX.Targ.Pcnt,Long,4725.0,-7875.0,1.0
ES,GAP,2023-11-30 08:29:00,2023-11-30 08:41:00,4879.0,4868.5,3.0,1575.0,368675.0,0.01575,3.68675,0.0,0.2,SE,SX.Targ.Pcnt,Short,300.0,-1575.0,1.0
ES,GAP,2023-12-08 08:29:00,2023-12-08 09:01:00,4890.5,4906.75,2.0,1625.0,370300.0,0.01625,3.703,0.0,0.5333333333333333,LE,LX.Targ.Pcnt,Long,75.0,-1625.0,1.0
ES,GAP,2023-12-12 08:29:00,2023-12-12 08:33:00,4931.75,4927.75,8.0,-1600.0,368700.0,-0.016,3.687,-0.016,0.06666666666666667,LE,LX.Stop1.C,Long,1900.0,-600.0,0.12
ES,GAP,2023-12-13 08:29:00,2023-12-13 13:01:00,4961.5,4972.75,14.0,-7875.0,360825.0,-0.07875,3.60825,-0.09475,4.533333333333333,SE,SX.Stop1.C,Short,8575.0,-3500.0,0.057999999999999996
ES,GAP,2023-12-19 08:29:00,2023-12-19 08:48:00,5057.25,5065.0,18.0,-6975.0,353850.0,-0.06975,3.5385,-0.1645,0.31666666666666665,SE,SX.Stop1.C,Short,7200.0,-900.0,0.0278
ES,GAP,2023-12-20 08:29:00,2023-12-20 09:32:00,5068.25,5086.25,2.0,1800.0,355650.0,0.018,3.5565,-0.1465,1.05,LE,LX.Targ.Pcnt,Long,0.0,-1800.0,1.0
ES,GAP,2023-12-27 08:29:00,2023-12-27 08:35:00,5081.25,5086.5,9.0,2362.5,358012.5,0.023625,3.580125,-0.122875,0.1,LE,LX.Targ.Pcnt,Long,562.5,-2362.5,1.0
ES,GAP,2023-12-29 08:29:00,2023-12-29 09:47:00,5088.5,5079.75,6.0,-2625.0,355387.5,-0.02625,3.553875,-0.149125,1.3,LE,LX.Stop1.C,Long,2700.0,-1875.0,0.016399999999999998
ES,GAP,2024-01-04 08:29:00,2024-01-04 09:02:00,4999.0,5010.75,9.0,5287.5,360675.0,0.052875,3.60675,-0.09625,0.55,LE,LX.Targ.Pcnt,Long,675.0,-5287.5,1.0
ES,GAP,2024-01-11 08:29:00,2024-01-11 08:46:00,5084.75,5075.5,4.0,1850.0,362525.0,0.0185,3.62525,-0.07775,0.2833333333333333,SE,SX.Targ.Pcnt,Short,1450.0,-1850.0,1.0
ES,GAP,2024-01-12 08:29:00,2024-01-12 08:41:00,5087.0,5095.0,3.0,-1200.0,361325.0,-0.012,3.61325,-0.08975,0.2,SE,SX.Stop2.C,Short,1275.0,-150.0,0.0526
ES,GAP,2024-01-19 08:29:00,2024-01-19 11:32:00,5085.25,5104.25,4.0,-3800.0,357525.0,-0.038,3.57525,-0.12775,3.05,SE,SX.Stop2.C,Short,4350.0,-2100.0,0.08529999999999999
ES,GAP,2024-01-26 08:29:00,2024-01-26 09:34:00,5176.0,5187.25,18.0,10125.0,367650.0,0.10125,3.6765,-0.0265,1.0833333333333333,LE,LX.Targ.Pcnt,Long,3150.0,-10125.0,1.0
ES,GAP,2024-02-06 08:29:00,2024-02-06 09:26:00,5229.5,5215.75,3.0,2062.5,369712.5,0.020625,3.697125,-0.005875,0.95,SE,SX.Targ.Pcnt,Short,1275.0,-2062.5,1.0
ES,GAP,2024-02-09 08:29:00,2024-02-09 09:36:00,5282.75,5290.25,4.0,-1500.0,368212.5,-0.015,3.682125,-0.020875,1.1166666666666667,SE,SX.Stop2.C,Short,1650.0,-1350.0,0.05
ES,GAP,2024-02-15 08:29:00,2024-02-15 08:48:00,5279.75,5287.25,14.0,-5250.0,362962.5,-0.0525,3.629625,-0.073375,0.31666666666666665,SE,SX.Stop1.C,Short,5775.0,-2625.0,0.0625
ES,GAP,2024-02-16 08:29:00,2024-02-16 08:43:00,5301.0,5294.0,18.0,-6300.0,356662.5,-0.063,3.566625,-0.136375,0.23333333333333334,LE,LX.Stop1.C,Long,7200.0,-3600.0,0.0833
ES,GAP,2024-02-23 08:29:00,2024-02-23 14:59:00,5373.25,5365.75,1.0,375.0,357037.5,0.00375,3.570375,-0.132625,6.5,SE,SX.EOD,Short,500.0,-1050.0,0.5645
ES,GAP,2024-02-29 08:29:00,2024-02-29 10:41:00,5357.25,5333.75,2.0,2350.0,359387.5,0.0235,3.593875,-0.109125,2.2,SE,SX.Targ.Pcnt,Short,800.0,-2350.0,1.0
ES,GAP,2024-03-08 08:29:00,2024-03-08 08:47:00,5429.0,5440.5,2.0,-1150.0,358237.5,-0.0115,3.582375,-0.120625,0.3,SE,SX.Stop2.C,Short,1325.0,-850.0,0.0805
ES,GAP,2024-03-19 08:29:00,2024-03-19 11:20:00,5399.75,5417.75,5.0,4500.0,362737.5,0.045,3.627375,-0.075625,2.85,LE,LX.Targ.Pcnt,Long,2062.5,-4500.0,1.0
ES,GAP,2024-03-22 08:29:00,2024-03-22 09:44:00,5494.75,5489.0,7.0,-2012.5,360725.0,-0.020125,3.60725,-0.09575,1.25,LE,LX.Stop1.C,Long,2187.5,-2187.5,0.04
ES,GAP,2024-04-09 08:29:00,2024-04-09 09:29:00,5466.75,5442.75,4.0,4800.0,365525.0,0.048,3.65525,-0.04775,1.0,SE,SX.Targ.Pcnt,Short,750.0,-4800.0,1.0
ES,GAP,2024-04-30 08:29:00,2024-04-30 10:13:00,5326.75,5307.75,1.0,-950.0,364575.0,-0.0095,3.64575,-0.05725,1.7333333333333334,LE,LX.Stop2.C,Long,950.0,-537.5,0.0
ES,GAP,2024-05-01 08:29:00,2024-05-01 08:57:00,5254.75,5245.0,12.0,-5850.0,358725.0,-0.0585,3.58725,-0.11575,0.4666666666666667,LE,LX.Stop1.C,Long,6300.0,-2250.0,0.0526
ES,GAP,2024-05-21 08:29:00,2024-05-21 09:37:00,5520.25,5533.75,18.0,12150.0,370875.0,0.1215,3.70875,0.0,1.1333333333333333,LE,LX.Targ.Pcnt,Long,1350.0,-12150.0,1.0
ES,GAP,2024-05-22 08:29:00,2024-05-22 12:45:00,5533.75,5523.75,3.0,-1500.0,369375.0,-0.015,3.69375,-0.015,4.266666666666667,LE,LX.Stop2.C,Long,1650.0,-1125.0,0.0541
ES,GAP,2024-05-24 08:29:00,2024-05-24 09:57:00,5496.75,5512.25,5.0,-3875.0,365500.0,-0.03875,3.655,-0.05375,1.4666666666666666,SE,SX.Stop2.C,Short,3937.5,-1437.5,0.0116
ES,GAP,2024-05-31 08:29:00,2024-05-31 09:14:00,5459.25,5442.25,16.0,13600.0,379100.0,0.136,3.791,0.0,0.75,SE,SX.Targ.Pcnt,Short,5800.0,-13600.0,1.0
ES,GAP,2024-06-06 08:29:00,2024-06-06 08:59:00,5565.25,5561.0,9.0,1912.5,381012.5,0.019125,3.810125,0.0,0.5,SE,SX.Targ.Pcnt,Short,1912.5,-1912.5,1.0
ES,GAP,2024-06-21 08:29:00,2024-06-21 08:42:00,5670.5,5661.25,4.0,-1850.0,379162.5,-0.0185,3.791625,-0.0185,0.21666666666666667,LE,LX.Stop2.C,Long,2300.0,-150.0,0.1837
ES,GAP,2024-06-26 08:29:00,2024-06-26 10:56:00,5654.0,5673.0,6.0,5700.0,384862.5,0.057,3.848625,0.0,2.45,LE,LX.Targ.Pcnt,Long,1875.0,-5700.0,1.0
ES,GAP,2024-07-12 08:29:00,2024-07-12 08:42:00,5775.25,5782.75,4.0,-1500.0,383362.5,-0.015,3.833625,-0.015,0.21666666666666667,SE,SX.Stop2.C,Short,1650.0,-250.0,0.0789
ES,GAP,2024-07-18 08:29:00,2024-07-18 09:41:00,5782.75,5761.25,4.0,4300.0,387662.5,0.043,3.876625,0.0,1.2,SE,SX.Targ.Pcnt,Short,2100.0,-4300.0,1.0
ES,GAP,2024-07-19 08:29:00,2024-07-19 08:40:00,5719.0,5727.75,5.0,2187.5,389850.0,0.021875,3.8985,0.0,0.18333333333333332,LE,LX.Targ.Pcnt,Long,1500.0,-2187.5,1.0
ES,GAP,2024-08-09 08:29:00,2024-08-09 09:14:00,5466.0,5486.75,2.0,2075.0,391925.0,0.02075,3.91925,0.0,0.75,LE,LX.Targ.Pcnt,Long,975.0,-2075.0,1.0
ES,GAP,2024-08-27 08:29:00,2024-08-27 10:01:00,5751.25,5778.0,1.0,1337.5,393262.5,0.013375,3.932625,0.0,1.5333333333333334,LE,LX.Targ.Pcnt,Long,412.5,-1337.5,1.0
ES,GAP,2024-08-28 08:29:00,2024-08-28 09:45:00,5769.75,5761.75,6.0,-2400.0,390862.5,-0.024,3.908625,-0.024,1.2666666666666666,LE,LX.Stop1.C,Long,3000.0,-1875.0,0.1231
ES,GAP,2024-09-12 08:29:00,2024-09-12 08:48:00,5697.25,5684.0,8.0,5300.0,396162.5,0.053,3.961625,0.0,0.31666666666666665,SE,SX.Targ.Pcnt,Short,300.0,-5300.0,1.0
ES,GAP,2024-09-13 08:29:00,2024-09-13 08:48:00,5744.75,5753.75,3.0,-1350.0,394812.5,-0.0135,3.948125,-0.0135,0.31666666666666665,SE,SX.Stop2.C,Short,1387.5,-1237.5,0.0143
ES,GAP,2024-09-20 08:29:00,2024-09-20 10:01:00,5831.5,5814.5,4.0,-3400.0,391412.5,-0.034,3.914125,-0.0475,1.5333333333333334,LE,LX.Stop2.C,Long,3600.0,-1200.0,0.0417
ES,GAP,2024-09-27 08:29:00,2024-09-27 09:29:00,5881.5,5891.25,18.0,-8775.0,382637.5,-0.08775,3.826375,-0.13525,1.0,SE,SX.Stop2.C,Short,9225.0,-5625.0,0.030299999999999997
ES,GAP,2024-10-02 08:29:00,2024-10-02 08:40:00,5817.75,5803.75,2.0,-1400.0,381237.5,-0.014,3.812375,-0.14925,0.18333333333333332,LE,LX.Stop2.C,Long,1700.0,-300.0,0.15
ES,GAP,2024-10-03 08:29:00,2024-10-03 09:11:00,5814.5,5839.25,4.0,4950.0,386187.5,0.0495,3.861875,-0.09975,0.7,LE,LX.Targ.Pcnt,Long,1000.0,-4950.0,1.0
ES,GAP,2024-10-09 08:29:00,2024-10-09 08:30:00,5873.75,5869.5,9.0,1912.5,388100.0,0.019125,3.881,-0.080625,0.016666666666666666,SE,SX.Targ.Pcnt,Short,225.0,-1912.5,1.0
ES,GAP,2024-10-15 08:29:00,2024-10-15 09:00:00,5983.0,5977.75,8.0,2100.0,390200.0,0.021,3.902,-0.059625,0.5166666666666667,SE,SX.Targ.Pcnt,Short,500.0,-2100.0,1.0
ES,GAP,2024-10-16 08:29:00,2024-10-16 08:30:00,5935.25,5931.5,10.0,1875.0,392075.0,0.01875,3.92075,-0.040875,0.016666666666666666,SE,SX.Targ.Pcnt,Short,250.0,-1875.0,1.0
ES,GAP,2024-10-18 08:29:00,2024-10-18 11:51:00,5972.0,5979.25,2.0,-725.0,391350.0,-0.00725,3.9135,-0.048125,3.3666666666666667,SE,SX.Stop2.C,Short,750.0,-1525.0,0.011000000000000001
ES,GAP,2024-10-29 08:29:00,2024-10-29 09:25:00,5919.75,5940.0,5.0,5062.5,396412.5,0.050625,3.964125,0.0,0.9333333333333333,LE,LX.Targ.Pcnt,Long,3000.0,-5062.5,1.0
ES,GAP,2024-10-30 08:29:00,2024-10-30 08:41:00,5935.25,5923.5,5.0,-2937.5,393475.0,-0.029375,3.93475,-0.029375,0.2,LE,LX.Stop1.C,Long,2937.5,-1062.5,0.0
ES,GAP,2024-11-12 08:29:00,2024-11-12 08:37:00,6099.25,6104.75,14.0,3850.0,397325.0,0.0385,3.97325,0.0,0.13333333333333333,LE,LX.Targ.Pcnt,Long,1750.0,-3850.0,1.0
ES,GAP,2024-11-13 08:29:00,2024-11-13 08:50:00,6085.5,6081.25,9.0,1912.5,399237.5,0.019125,3.992375,0.0,0.35,SE,SX.Targ.Pcnt,Short,2025.0,-1912.5,1.0
ES,GAP,2024-11-14 08:29:00,2024-11-14 08:31:00,6083.25,6088.25,7.0,1750.0,400987.5,0.0175,4.009875,0.0,0.03333333333333333,LE,LX.Targ.Pcnt,Long,87.5,-1750.0,1.0
ES,GAP,2024-11-20 08:29:00,2024-11-20 08:36:00,6007.0,5997.5,6.0,-2850.0,398137.5,-0.0285,3.981375,-0.0285,0.11666666666666667,LE,LX.Stop1.C,Long,2850.0,-1050.0,0.0
ES,GAP,2024-11-22 08:29:00,2024-11-22 08:31:00,6034.75,6042.5,17.0,6587.5,404725.0,0.065875,4.04725,0.0,0.03333333333333333,LE,LX.Targ.Pcnt,Long,212.5,-6587.5,1.0
ES,GAP,2024-11-26 08:29:00,2024-11-26 11:58:00,6088.0,6101.0,2.0,-1300.0,403425.0,-0.013,4.03425,-0.013,3.4833333333333334,SE,SX.Stop2.C,Short,1325.0,-650.0,0.0127
ES,GAP,2024-11-27 08:29:00,2024-11-27 08:31:00,6103.75,6099.25,18.0,-4050.0,399375.0,-0.0405,3.99375,-0.0535,0.03333333333333333,LE,LX.Stop1.C,Long,4050.0,-900.0,0.0
ES,GAP,2024-12-03 08:29:00,2024-12-03 09:30:00,6126.25,6119.25,18.0,-6300.0,393075.0,-0.063,3.93075,-0.1165,1.0166666666666666,LE,LX.Stop1.C,Long,6525.0,-5400.0,0.0189
ES,GAP,2024-12-04 08:29:00,2024-12-04 14:41:00,6151.25,6170.25,1.0,-950.0,392125.0,-0.0095,3.92125,-0.126,6.2,SE,SX.Stop2.C,Short,962.5,-425.0,0.009000000000000001
ES,GAP,2024-12-06 08:29:00,2024-12-06 08:46:00,6166.25,6173.5,11.0,-3987.5,388137.5,-0.039875,3.881375,-0.165875,0.2833333333333333,SE,SX.Stop2.C,Short,4262.5,-1925.0,0.0444
ES,GAP,2024-12-10 08:29:00,2024-12-10 08:34:00,6141.75,6133.5,18.0,7425.0,395562.5,0.07425,3.955625,-0.091625,0.08333333333333333,SE,SX.Targ.Pcnt,Short,1125.0,-7425.0,1.0
ES,GAP,2024-12-12 08:29:00,2024-12-12 14:13:00,6150.5,6134.75,2.0,-1575.0,393987.5,-0.01575,3.939875,-0.107375,5.733333333333333,LE,LX.Stop2.C,Long,1625.0,-750.0,0.021099999999999997
ES,GAP,2024-12-18 08:29:00,2024-12-18 08:56:00,6123.75,6129.5,18.0,5175.0,399162.5,0.05175,3.991625,-0.055625,0.45,LE,LX.Targ.Pcnt,Long,4725.0,-5175.0,1.0
