Instrument,Strategy,Entry_Date,Exit_Date,Entry_Price,Exit_Price,Contracts,PnL,Cumulative_PnL,PnL_%,Cumulative_PnL_%,Peak_to_Peak_DD_%,Duration_Hours,Entry_Signal,Exit_Signal,Max_Favorable_Excursion,Max_Adverse_Excursion,Trade_Efficiency
NQ,Slow,2014-01-17 15:35:00,2014-01-21 15:35:00,5648.0,5671.75,2.0,950.0,950.0,0.019,0.0095,0.0,96.0,LE.Slow.C,LX1.Slow.C,320.0,-1060.0,0.9203
NQ,Fast,2014-01-17 15:50:00,2014-01-21 15:00:00,5646.75,5671.0,2.0,970.0,1920.0,0.0194,0.0192,0.0,95.16666666666667,LE2.Fast.C,LX1.Open.Fast.C,270.0,-1110.0,0.8986
NQ,Slow,2014-01-27 15:35:00,2014-01-31 15:35:00,5566.5,5579.0,2.0,500.0,2420.0,0.01,0.0242,0.0,96.0,LE.Slow.C,LX1.Slow.C,1990.0,-1330.0,0.75
NQ,Fast,2014-01-27 15:50:00,2014-01-28 15:50:00,5541.25,5565.5,2.0,970.0,3390.0,0.0194,0.0339,0.0,24.0,LE2.Fast.C,LX2.Fast.C,520.0,-1100.0,0.9198000000000001
NQ,Fast,2014-01-29 15:50:00,2014-01-30 15:50:00,5537.5,5565.5,2.0,1120.0,4510.0,0.0224,0.0451,0.0,24.0,LE2.Fast.C,LX2.Fast.C,160.0,-2490.0,0.483
NQ,Slow,2014-02-03 15:35:00,2014-02-06 15:35:00,5493.75,5551.25,2.0,2300.0,6810.0,0.046,0.0681,0.0,72.0,LE.Slow.C,LX1.Slow.C,770.0,-2720.0,0.8797
NQ,Fast,2014-02-03 15:50:00,2014-02-04 15:50:00,5495.75,5515.75,2.0,800.0,7610.0,0.016,0.0761,0.0,24.0,LE2.Fast.C,LX2.Fast.C,70.0,-1620.0,0.5147999999999999
NQ,Slow,2014-03-14 15:20:00,2014-03-18 15:35:00,5690.75,5764.5,2.0,2950.0,10560.0,0.059,0.1056,0.0,96.25,LE.Slow.C,LX1.Slow.C,770.0,-3240.0,0.9277
NQ,Fast,2014-03-14 15:50:00,2014-03-17 15:00:00,5691.25,5725.5,2.0,1370.0,11930.0,0.0274,0.1193,0.0,71.16666666666667,LE2.Fast.C,LX1.Open.Fast.C,790.0,-2050.0,0.7606
NQ,Fast,2014-03-17 15:50:00,2014-03-18 15:50:00,5722.0,5766.5,2.0,1780.0,13710.0,0.0356,0.1371,0.0,24.0,LE2.Fast.C,LX2.Fast.C,500.0,-1990.0,0.9157
NQ,Slow,2014-03-21 15:35:00,2014-03-31 15:35:00,5709.5,5649.5,2.0,-2400.0,11310.0,-0.048,0.1131,-0.024,240.0,LE.Slow.C,LX1.Slow.C,4190.0,-680.0,0.3676
NQ,Fast,2014-03-21 15:50:00,2014-03-25 15:50:00,5710.25,5692.25,2.0,-720.0,10590.0,-0.0144,0.1059,-0.0312,96.0,LE2.Fast.C,LX2.Fast.C,2610.0,-650.0,0.5798
NQ,Fast,2014-03-26 15:50:00,2014-03-28 15:00:00,5642.75,5628.25,2.0,-580.0,10010.0,-0.0116,0.1001,-0.037,47.166666666666664,LE1.Fast.C,LX.Gap.Fast.C,1520.0,-1120.0,0.35609999999999997
NQ,Fast,2014-03-28 15:50:00,2014-03-31 15:00:00,5633.75,5657.0,2.0,930.0,10940.0,0.0186,0.1094,-0.0277,71.16666666666667,LE1.Fast.C,LX.Gap.Fast.C,50.0,-1880.0,0.5078
NQ,Fast,2014-03-31 15:50:00,2014-04-01 15:50:00,5651.75,5721.0,2.0,2770.0,13710.0,0.0554,0.1371,0.0,24.0,LE2.Fast.C,LX2.Fast.C,150.0,-2810.0,0.9865
NQ,Slow,2014-04-04 15:35:00,2014-04-08 15:35:00,5608.75,5598.75,2.0,-400.0,13310.0,-0.008,0.1331,-0.004,96.0,LE.Slow.C,LX1.Slow.C,2590.0,-160.0,0.7964
NQ,Fast,2014-04-04 15:50:00,2014-04-08 15:50:00,5612.25,5598.75,2.0,-540.0,12770.0,-0.0108,0.1277,-0.0094,96.0,LE2.Fast.C,LX2.Fast.C,2730.0,-0.0,0.8022
NQ,Slow,2014-04-11 15:30:00,2014-04-14 15:35:00,5512.75,5540.25,2.0,1100.0,13870.0,0.022,0.1387,0.0,72.08333333333333,LE.Slow.C,LX1.Slow.C,720.0,-1670.0,0.7615000000000001
NQ,Fast,2014-04-11 15:50:00,2014-04-14 15:00:00,5513.75,5531.0,2.0,690.0,14560.0,0.0138,0.1456,0.0,71.16666666666667,LE1.Fast.C,LX.Gap.Fast.C,760.0,-1630.0,0.6067
NQ,Slow,2014-05-06 15:35:00,2014-05-12 15:35:00,5621.0,5677.75,2.0,2270.0,16830.0,0.0454,0.1683,0.0,144.0,LE.Slow.C,LX1.Slow.C,2160.0,-2350.0,0.9823000000000001
NQ,Fast,2014-05-06 15:50:00,2014-05-09 15:50:00,5620.5,5619.5,2.0,-40.0,16790.0,-0.0008,0.1679,-0.0004,72.0,LE2.Fast.C,LX2.Fast.C,2140.0,-1150.0,0.6383
NQ,Slow,2014-05-15 15:20:00,2014-05-19 15:35:00,5632.5,5680.25,2.0,1910.0,18700.0,0.0382,0.187,0.0,96.25,LE.Slow.C,LX1.Slow.C,800.0,-2180.0,0.9094
NQ,Fast,2014-05-15 15:50:00,2014-05-16 15:50:00,5632.25,5653.0,2.0,830.0,19530.0,0.0166,0.1953,0.0,24.0,LE1.Fast.C,LX1.Fast.C,790.0,-1070.0,0.871
NQ,Slow,2014-07-08 15:35:00,2014-07-11 15:35:00,5939.25,5974.0,2.0,1390.0,20920.0,0.0278,0.2092,0.0,72.0,LE.Slow.C,LX1.Slow.C,1260.0,-1440.0,0.9815
NQ,Fast,2014-07-08 15:50:00,2014-07-09 15:50:00,5940.0,5963.5,2.0,940.0,21860.0,0.0188,0.2186,0.0,24.0,LE2.Fast.C,LX2.Fast.C,290.0,-1080.0,0.8978
NQ,Slow,2014-07-16 15:35:00,2014-07-18 15:35:00,5999.25,6006.75,2.0,300.0,22160.0,0.006,0.2216,0.0,48.0,LE.Slow.C,LX1.Slow.C,2760.0,-510.0,0.9358
NQ,Fast,2014-07-16 15:50:00,2014-07-18 15:00:00,5998.5,6006.75,2.0,330.0,22490.0,0.0066,0.2249,0.0,47.166666666666664,LE2.Fast.C,LX2.Open.Fast.C,2730.0,-540.0,0.9358
NQ,Fast,2014-07-24 15:50:00,2014-07-25 15:50:00,6042.25,6031.25,2.0,-440.0,22050.0,-0.0088,0.2205,-0.0044,24.0,LE2.Fast.C,LX2.Fast.C,1140.0,-20.0,0.6034
NQ,Slow,2014-07-31 15:35:00,2014-08-08 15:35:00,5972.0,5950.25,2.0,-870.0,21180.0,-0.0174,0.2118,-0.0131,192.0,LE.Slow.C,LX1.Slow.C,2770.0,-800.0,0.5322
NQ,Fast,2014-07-31 15:50:00,2014-08-04 15:00:00,5964.5,5984.5,2.0,800.0,21980.0,0.016,0.2198,-0.0051,95.16666666666667,LE2.Fast.C,LX.Gap.Fast.C,1630.0,-1100.0,0.8901
NQ,Slow,2014-09-04 15:35:00,2014-09-05 15:20:00,6146.0,6163.0,2.0,680.0,22660.0,0.0136,0.2266,0.0,23.75,LE.Slow.C,LX1.Slow.C,710.0,-790.0,0.9267
NQ,Fast,2014-09-04 15:50:00,2014-09-05 15:50:00,6145.5,6165.5,2.0,800.0,23460.0,0.016,0.2346,0.0,24.0,LE2.Fast.C,LX2.Fast.C,690.0,-810.0,0.9933
NQ,Slow,2014-09-15 15:35:00,2014-09-17 15:35:00,6109.25,6148.75,2.0,1580.0,25040.0,0.0316,0.2504,0.0,48.0,LE.Slow.C,LX1.Slow.C,850.0,-2340.0,0.7618
NQ,Fast,2014-09-15 15:50:00,2014-09-16 15:50:00,6109.25,6141.5,2.0,1290.0,26330.0,0.0258,0.2633,0.0,24.0,LE2.Fast.C,LX2.Fast.C,850.0,-1640.0,0.8593999999999999
NQ,Slow,2014-09-23 15:35:00,2014-09-24 15:35:00,6121.25,6170.75,2.0,1980.0,28310.0,0.0396,0.2831,0.0,24.0,LE.Slow.C,LX1.Slow.C,390.0,-2100.0,0.9518000000000001
NQ,Fast,2014-09-23 15:50:00,2014-09-24 15:50:00,6115.25,6170.75,2.0,2220.0,30530.0,0.0444,0.3053,0.0,24.0,LE2.Fast.C,LX2.Fast.C,130.0,-2340.0,0.9514
NQ,Slow,2014-10-07 15:35:00,2014-10-08 15:35:00,6038.25,6116.0,2.0,3110.0,33640.0,0.0622,0.3364,0.0,24.0,LE.Slow.C,LX1.Slow.C,950.0,-3490.0,0.9144
NQ,Fast,2014-10-07 15:50:00,2014-10-08 15:50:00,6036.5,6114.5,2.0,3120.0,36760.0,0.0624,0.3676,0.0,24.0,LE2.Fast.C,LX2.Fast.C,880.0,-3560.0,0.9009
NQ,Fast,2014-10-13 15:50:00,2014-10-14 15:50:00,5881.75,5901.0,2.0,770.0,37530.0,0.0154,0.3753,0.0,24.0,LE2.Fast.C,LX2.Fast.C,200.0,-2190.0,0.40590000000000004
NQ,Slow,2014-11-03 15:35:00,2014-11-04 15:30:00,6240.5,6227.5,2.0,-520.0,37010.0,-0.0104,0.3701,-0.0052,23.916666666666668,LE.Slow.C,LX1.Slow.C,1480.0,-300.0,0.5393
NQ,Fast,2014-11-03 15:50:00,2014-11-04 15:50:00,6239.5,6229.75,2.0,-390.0,36620.0,-0.0078,0.3662,-0.0091,24.0,LE2.Fast.C,LX2.Fast.C,1440.0,-340.0,0.5899
NQ,Slow,2014-12-12 15:35:00,2014-12-15 15:35:00,6276.5,6244.75,2.0,-1270.0,35350.0,-0.0254,0.3535,-0.0218,72.0,LE.Slow.C,LX.V140.Slow.C,1880.0,-1840.0,0.16399999999999998
NQ,Fast,2014-12-12 15:50:00,2014-12-15 15:00:00,6276.0,6253.25,2.0,-910.0,34440.0,-0.0182,0.3444,-0.0309,71.16666666666667,LE2.Fast.C,LX.Gap.Fast.C,1860.0,-1860.0,0.2554
NQ,Fast,2014-12-15 15:50:00,2014-12-16 15:50:00,6242.5,6175.25,2.0,-2690.0,31750.0,-0.0538,0.3175,-0.0578,24.0,LE2.Fast.C,LX2.V140.Fast.C,2930.0,-1430.0,0.055
NQ,Slow,2014-12-17 15:35:00,2014-12-18 15:35:00,6248.25,6353.75,2.0,4220.0,35970.0,0.0844,0.3597,-0.0156,24.0,LE.Slow.C,LX1.Slow.C,380.0,-4400.0,0.9623
NQ,Fast,2014-12-17 15:50:00,2014-12-18 15:00:00,6245.25,6349.25,2.0,4160.0,40130.0,0.0832,0.4013,0.0,23.166666666666668,LE2.Fast.C,LX.Gap.Fast.C,260.0,-4170.0,0.9976999999999999
NQ,Slow,2014-12-23 15:35:00,2014-12-24 12:05:00,6369.0,6370.75,2.0,70.0,40200.0,0.0014,0.402,0.0,20.5,LE.Slow.C,LX1.Slow.C,160.0,-720.0,0.2614
NQ,Fast,2014-12-23 15:50:00,2014-12-24 12:05:00,6369.25,6370.75,2.0,60.0,40260.0,0.0012,0.4026,0.0,20.25,LE2.Fast.C,LX2.Fast.C,170.0,-710.0,0.2614
NQ,Slow,2014-12-31 15:35:00,2015-01-08 15:35:00,6324.25,6320.0,2.0,-170.0,40090.0,-0.0034,0.4009,-0.0017,192.0,LE.Slow.C,LX1.Slow.C,6150.0,-1480.0,0.7837000000000001
NQ,Fast,2014-12-31 15:50:00,2015-01-07 15:50:00,6323.25,6242.0,2.0,-3250.0,36840.0,-0.065,0.3684,-0.0342,168.0,LE2.Fast.C,LX2.Fast.C,6110.0,-1520.0,0.37479999999999997
NQ,Slow,2015-01-12 15:35:00,2015-01-16 15:35:00,6256.5,6223.25,2.0,-1330.0,35510.0,-0.0266,0.3551,-0.0475,96.0,LE.Slow.C,LX1.Slow.C,5060.0,-3190.0,0.4521
NQ,Fast,2015-01-12 15:50:00,2015-01-13 15:00:00,6257.25,6245.0,2.0,-490.0,35020.0,-0.0098,0.3502,-0.0524,23.166666666666668,LE2.Fast.C,LX.Gap.Fast.C,1680.0,-3160.0,0.2459
NQ,Fast,2015-01-13 15:50:00,2015-01-16 15:50:00,6252.75,6224.5,2.0,-1130.0,33890.0,-0.0226,0.3389,-0.0637,72.0,LE2.Fast.C,LX2.Fast.C,4910.0,-1030.0,0.6364
NQ,Slow,2015-01-28 15:35:00,2015-01-29 15:35:00,6212.5,6273.5,2.0,2440.0,36330.0,0.0488,0.3633,-0.0393,24.0,LE.Slow.C,LX1.Slow.C,1130.0,-2580.0,0.9623
NQ,Slow,2015-01-30 15:35:00,2015-02-02 15:35:00,6232.75,6270.75,2.0,1520.0,37850.0,0.0304,0.3785,-0.0241,72.0,LE.Slow.C,LX1.Slow.C,2350.0,-1750.0,0.9439
NQ,Fast,2015-01-30 15:50:00,2015-02-02 15:00:00,6229.5,6265.75,2.0,1450.0,39300.0,0.029,0.393,-0.0096,71.16666666666667,LE2.Fast.C,LX.Gap.Fast.C,2220.0,-1640.0,0.9508
NQ,Slow,2015-03-10 15:35:00,2015-03-16 15:35:00,6420.75,6446.25,2.0,1020.0,40320.0,0.0204,0.4032,0.0,144.0,LE.Slow.C,LX1.Slow.C,1780.0,-1590.0,0.8309000000000001
NQ,Fast,2015-03-10 15:50:00,2015-03-12 15:00:00,6421.5,6426.25,2.0,190.0,40510.0,0.0038,0.4051,0.0,47.166666666666664,LE2.Fast.C,LX2.Open.Fast.C,1370.0,-580.0,0.8
NQ,Slow,2015-03-23 15:35:00,2015-03-30 15:35:00,6532.0,6469.25,2.0,-2510.0,38000.0,-0.0502,0.38,-0.0251,168.0,LE.Slow.C,LX1.Slow.C,6690.0,-950.0,0.5471
NQ,Fast,2015-03-23 15:50:00,2015-03-27 15:50:00,6532.75,6418.0,2.0,-4590.0,33410.0,-0.0918,0.3341,-0.071,96.0,LE2.Fast.C,LX2.Fast.C,6720.0,-920.0,0.2788
NQ,Fast,2015-03-31 15:50:00,2015-04-02 15:50:00,6418.5,6403.0,2.0,-620.0,32790.0,-0.0124,0.3279,-0.0772,48.0,LE2.Fast.C,LX2.Fast.C,2590.0,-420.0,0.6545000000000001
NQ,Slow,2015-04-07 15:35:00,2015-04-08 15:35:00,6429.0,6469.5,2.0,1620.0,34410.0,0.0324,0.3441,-0.061,24.0,LE.Slow.C,LX1.Slow.C,270.0,-1690.0,0.9643
NQ,Fast,2015-04-07 15:50:00,2015-04-08 15:50:00,6427.5,6471.5,2.0,1760.0,36170.0,0.0352,0.3617,-0.0434,24.0,LE2.Fast.C,LX2.Fast.C,210.0,-1770.0,0.9948999999999999
NQ,Fast,2015-04-30 15:50:00,2015-05-01 15:50:00,6509.0,6562.25,2.0,2130.0,38300.0,0.0426,0.383,-0.0221,24.0,LE2.Fast.C,LX2.Fast.C,180.0,-2260.0,0.9467
NQ,Slow,2015-05-05 15:35:00,2015-05-08 15:35:00,6503.25,6544.25,2.0,1640.0,39940.0,0.0328,0.3994,-0.0057,72.0,LE.Slow.C,LX1.Slow.C,3040.0,-2170.0,0.8983
NQ,Fast,2015-05-05 15:50:00,2015-05-07 15:50:00,6505.0,6495.25,2.0,-390.0,39550.0,-0.0078,0.3955,-0.0096,48.0,LE2.Fast.C,LX2.Fast.C,3110.0,-530.0,0.7473000000000001
NQ,Slow,2015-05-11 15:35:00,2015-05-12 15:35:00,6525.5,6515.75,2.0,-390.0,39160.0,-0.0078,0.3916,-0.0135,24.0,LE.Slow.C,LX1.Slow.C,2250.0,-290.0,0.7323000000000001
NQ,Fast,2015-05-11 15:50:00,2015-05-12 15:50:00,6522.25,6515.25,2.0,-280.0,38880.0,-0.0056,0.3888,-0.0163,24.0,LE2.Fast.C,LX2.Fast.C,2120.0,-420.0,0.7243999999999999
NQ,Slow,2015-05-13 15:35:00,2015-05-14 15:35:00,6518.75,6585.5,2.0,2670.0,41550.0,0.0534,0.4155,0.0,24.0,LE.Slow.C,LX1.Slow.C,450.0,-2760.0,0.972
NQ,Fast,2015-05-13 15:50:00,2015-05-14 15:00:00,6521.0,6584.75,2.0,2550.0,44100.0,0.051,0.441,0.0,23.166666666666668,LE2.Fast.C,LX.Gap.Fast.C,540.0,-2630.0,0.9748
NQ,Fast,2015-05-20 15:50:00,2015-05-21 15:50:00,6597.5,6624.5,2.0,1080.0,45180.0,0.0216,0.4518,0.0,24.0,LE2.Fast.C,LX2.Fast.C,650.0,-1350.0,0.865
NQ,Slow,2015-06-15 15:35:00,2015-06-17 15:35:00,6528.25,6555.75,2.0,1100.0,46280.0,0.022,0.4628,0.0,48.0,LE.Slow.C,LX1.Slow.C,1250.0,-1960.0,0.7321
NQ,Fast,2015-06-15 15:50:00,2015-06-16 15:50:00,6527.5,6553.25,2.0,1030.0,47310.0,0.0206,0.4731,0.0,24.0,LE2.Fast.C,LX2.Fast.C,1220.0,-1210.0,0.9259000000000001
NQ,Slow,2015-06-25 15:20:00,2015-07-02 15:35:00,6610.25,6529.75,2.0,-3220.0,44090.0,-0.0644,0.4409,-0.0322,168.25,LE.Slow.C,LX1.Slow.C,5630.0,-320.0,0.405
NQ,Fast,2015-06-25 15:50:00,2015-07-01 15:50:00,6607.0,6524.25,2.0,-3310.0,40780.0,-0.0662,0.4078,-0.0653,144.0,LE2.Fast.C,LX2.Fast.C,5500.0,-450.0,0.36810000000000004
NQ,Slow,2015-07-08 15:35:00,2015-07-10 15:35:00,6447.75,6510.25,2.0,2500.0,43280.0,0.05,0.4328,-0.0403,48.0,LE.Slow.C,LX1.Slow.C,590.0,-3200.0,0.8153
NQ,Fast,2015-07-08 15:50:00,2015-07-09 15:00:00,6449.5,6452.25,2.0,110.0,43390.0,0.0022,0.4339,-0.0392,23.166666666666668,LE2.Fast.C,LX.Gap.Fast.C,210.0,-2390.0,0.1231
NQ,Fast,2015-07-09 15:50:00,2015-07-10 15:50:00,6441.25,6510.75,2.0,2780.0,46170.0,0.0556,0.4617,-0.0114,24.0,LE2.Fast.C,LX2.Fast.C,30.0,-3460.0,0.8051999999999999
NQ,Fast,2015-07-21 15:50:00,2015-07-23 15:50:00,6721.25,6731.5,2.0,410.0,46580.0,0.0082,0.4658,-0.0073,48.0,LE2.Fast.C,LX2.Fast.C,1430.0,-660.0,0.8804000000000001
NQ,Slow,2015-07-27 15:35:00,2015-07-30 15:35:00,6624.0,6697.25,2.0,2930.0,49510.0,0.0586,0.4951,0.0,72.0,LE.Slow.C,LX1.Slow.C,1030.0,-3040.0,0.973
NQ,Fast,2015-07-27 15:50:00,2015-07-28 15:50:00,6622.0,6659.75,2.0,1510.0,51020.0,0.0302,0.5102,0.0,24.0,LE2.Fast.C,LX2.Fast.C,950.0,-1620.0,0.9571999999999999
NQ,Slow,2015-08-04 15:35:00,2015-08-05 15:35:00,6654.5,6695.0,2.0,1620.0,52640.0,0.0324,0.5264,0.0,24.0,LE.Slow.C,LX1.Slow.C,90.0,-3030.0,0.5481
NQ,Fast,2015-08-04 15:50:00,2015-08-05 15:50:00,6655.0,6692.5,2.0,1500.0,54140.0,0.03,0.5414,0.0,24.0,LE2.Fast.C,LX2.Fast.C,110.0,-3010.0,0.516
NQ,Slow,2015-08-06 15:35:00,2015-08-10 15:35:00,6627.25,6667.25,2.0,1600.0,55740.0,0.032,0.5574,0.0,96.0,LE.Slow.C,LX1.Slow.C,1820.0,-2160.0,0.8593000000000001
NQ,Fast,2015-08-06 15:50:00,2015-08-10 15:00:00,6627.25,6667.0,2.0,1590.0,57330.0,0.0318,0.5733,0.0,95.16666666666667,LE2.Fast.C,LX1.Open.Fast.C,1820.0,-2160.0,0.8568000000000001
NQ,Fast,2015-08-19 15:50:00,2015-08-20 15:50:00,6603.0,6468.5,2.0,-5380.0,51950.0,-0.1076,0.5195,-0.0538,24.0,LE2.Fast.C,LX2.V140.Fast.C,5670.0,-450.0,0.047400000000000005
NQ,Slow,2015-09-01 15:30:00,2015-09-08 15:30:00,6258.25,6399.75,2.0,5660.0,57610.0,0.1132,0.5761,0.0,168.0,LE.Slow.C,LX1.Slow.C,840.0,-5940.0,0.9587
NQ,Slow,2015-09-18 15:35:00,2015-10-01 15:35:00,6436.0,6297.75,2.0,-5530.0,52080.0,-0.1106,0.5208,-0.0553,312.0,LE.Slow.C,LX1.Slow.C,11420.0,-1410.0,0.45909999999999995
NQ,Fast,2015-09-28 15:50:00,2015-09-30 15:00:00,6206.75,6275.0,2.0,2730.0,54810.0,0.0546,0.5481,-0.028,47.166666666666664,LE2.Fast.C,LX2.Open.Fast.C,2250.0,-2880.0,0.9708
NQ,Slow,2015-10-14 15:35:00,2015-10-15 15:35:00,6438.25,6520.25,2.0,3280.0,58090.0,0.0656,0.5809,0.0,24.0,LE.Slow.C,LX1.Slow.C,0.0,-3340.0,0.982
NQ,Fast,2015-10-14 15:50:00,2015-10-15 15:50:00,6442.0,6520.75,2.0,3150.0,61240.0,0.063,0.6124,0.0,24.0,LE2.Fast.C,LX2.Fast.C,90.0,-3190.0,0.9878
NQ,Slow,2015-10-21 15:35:00,2015-10-22 15:35:00,6510.5,6662.0,2.0,6060.0,67300.0,0.1212,0.673,0.0,24.0,LE.Slow.C,LX1.Slow.C,60.0,-6310.0,0.9608
NQ,Fast,2015-10-21 15:50:00,2015-10-22 15:50:00,6516.5,6673.75,2.0,6290.0,73590.0,0.1258,0.7359,0.0,24.0,LE2.Fast.C,LX2.Fast.C,190.0,-6320.0,0.9954000000000001
NQ,Slow,2015-11-12 15:35:00,2015-11-17 15:35:00,6693.0,6679.25,2.0,-550.0,73040.0,-0.011,0.7304,-0.0055,120.0,LE.Slow.C,LX1.Slow.C,5130.0,-580.0,0.8020999999999999
NQ,Fast,2015-11-12 15:50:00,2015-11-16 15:50:00,6693.5,6673.25,2.0,-810.0,72230.0,-0.0162,0.7223,-0.0136,96.0,LE2.Fast.C,LX2.Fast.C,5150.0,-270.0,0.8007
NQ,Slow,2015-12-03 15:35:00,2015-12-04 15:30:00,6721.25,6823.25,2.0,4080.0,76310.0,0.0816,0.7631,0.0,23.916666666666668,LE.Slow.C,LX1.Slow.C,340.0,-4470.0,0.9189
NQ,Slow,2015-12-11 15:35:00,2015-12-14 15:35:00,6646.5,6676.25,2.0,1190.0,77500.0,0.0238,0.775,0.0,72.0,LE.Slow.C,LX.V140.Slow.C,2370.0,-1720.0,0.8704000000000001
NQ,Fast,2015-12-11 15:50:00,2015-12-14 15:00:00,6641.5,6679.0,2.0,1500.0,79000.0,0.03,0.79,0.0,71.16666666666667,LE2.Fast.C,LX1.Open.Fast.C,2170.0,-1900.0,0.9017000000000001
NQ,Slow,2015-12-17 15:35:00,2015-12-22 15:35:00,6686.0,6706.0,2.0,800.0,79800.0,0.016,0.798,0.0,120.0,LE.Slow.C,LX1.Slow.C,2710.0,-880.0,0.9777
NQ,Fast,2015-12-17 15:50:00,2015-12-21 15:50:00,6685.75,6684.75,2.0,-40.0,79760.0,-0.0008,0.7976,-0.0004,96.0,LE2.Fast.C,LX2.Fast.C,2700.0,-740.0,0.7733
NQ,Slow,2015-12-31 15:35:00,2016-01-13 15:35:00,6707.25,6290.75,2.0,-16660.0,63100.0,-0.3332,0.631,-0.167,312.0,LE.Slow.C,LX.V140.Slow.C,16960.0,-620.0,0.0171
NQ,Fast,2015-12-31 15:50:00,2016-01-05 15:50:00,6707.25,6601.5,2.0,-4230.0,58870.0,-0.0846,0.5887,-0.2093,120.0,LE2.Fast.C,LX2.Fast.C,6460.0,-620.0,0.315
NQ,Fast,2016-01-07 15:50:00,2016-01-08 15:00:00,6405.0,6376.5,2.0,-1140.0,57730.0,-0.0228,0.5773,-0.2207,23.166666666666668,LE2.Fast.C,LX.Gap.Fast.C,1200.0,-3240.0,0.013500000000000002
NQ,Fast,2016-01-08 15:50:00,2016-01-11 15:00:00,6384.25,6402.0,2.0,710.0,58440.0,0.0142,0.5844,-0.2136,71.16666666666667,LE2.Fast.C,LX.Gap.Fast.C,2380.0,-1450.0,0.8068000000000001
NQ,Fast,2016-01-11 15:50:00,2016-01-12 15:50:00,6386.75,6425.0,2.0,1530.0,59970.0,0.0306,0.5997,-0.1983,24.0,LE2.Fast.C,LX2.Fast.C,1370.0,-3000.0,0.6636
NQ,Slow,2016-01-25 15:20:00,2016-01-26 15:35:00,6302.5,6340.0,2.0,1500.0,61470.0,0.03,0.6147,-0.1833,24.25,LE.Slow.C,LX1.Slow.C,2140.0,-2290.0,0.8217
NQ,Slow,2016-01-27 15:35:00,2016-01-29 15:35:00,6250.0,6380.5,2.0,5220.0,66690.0,0.1044,0.6669,-0.1311,48.0,LE.Slow.C,LX1.Slow.C,1090.0,-5490.0,0.9590000000000001
NQ,Slow,2016-02-08 15:35:00,2016-02-09 15:35:00,6081.0,6060.75,2.0,-810.0,65880.0,-0.0162,0.6588,-0.1392,24.0,LE.Slow.C,LX.V140.Slow.C,2700.0,-1560.0,0.4437
NQ,Fast,2016-02-08 15:50:00,2016-02-09 15:50:00,6083.5,6057.5,2.0,-1040.0,64840.0,-0.0208,0.6484,-0.1496,24.0,LE2.Fast.C,LX2.V140.Fast.C,2800.0,-1460.0,0.4131
NQ,Slow,2016-02-10 15:35:00,2016-02-12 15:30:00,6084.0,6122.25,2.0,1530.0,66370.0,0.0306,0.6637,-0.1343,47.916666666666664,LE.Slow.C,LX1.Slow.C,4230.0,-1980.0,0.9275
NQ,Fast,2016-02-10 15:50:00,2016-02-12 15:00:00,6076.25,6128.25,2.0,2080.0,68450.0,0.0416,0.6845,-0.1135,47.166666666666664,LE2.Fast.C,LX2.Open.Fast.C,3920.0,-2290.0,0.9662000000000001
NQ,Slow,2016-02-23 15:35:00,2016-02-24 15:35:00,6273.25,6323.5,2.0,2010.0,70460.0,0.0402,0.7046,-0.0934,24.0,LE.Slow.C,LX1.Slow.C,2900.0,-2130.0,0.9761
NQ,Fast,2016-02-23 15:50:00,2016-02-24 15:50:00,6270.75,6331.25,2.0,2420.0,72880.0,0.0484,0.7288,-0.0692,24.0,LE2.Fast.C,LX2.Fast.C,2800.0,-2470.0,0.9904999999999999
NQ,Slow,2016-02-29 15:20:00,2016-03-01 15:35:00,6319.25,6454.25,2.0,5400.0,78280.0,0.108,0.7828,-0.0152,24.25,LE.Slow.C,LX1.Slow.C,920.0,-5410.0,0.9984000000000001
NQ,Fast,2016-02-29 15:50:00,2016-03-01 15:50:00,6318.25,6453.25,2.0,5400.0,83680.0,0.108,0.8368,0.0,24.0,LE2.Fast.C,LX2.Fast.C,880.0,-5460.0,0.9904999999999999
NQ,Slow,2016-03-08 15:30:00,2016-03-11 15:20:00,6389.0,6469.5,2.0,3220.0,86900.0,0.0644,0.869,0.0,71.83333333333333,LE.Slow.C,LX1.Slow.C,1750.0,-3590.0,0.9307
NQ,Fast,2016-03-08 15:50:00,2016-03-09 15:50:00,6388.5,6412.0,2.0,940.0,87840.0,0.0188,0.8784,0.0,24.0,LE2.Fast.C,LX2.Fast.C,630.0,-1060.0,0.929
NQ,Slow,2016-04-05 15:35:00,2016-04-06 15:35:00,6595.5,6660.25,2.0,2590.0,90430.0,0.0518,0.9043,0.0,24.0,LE.Slow.C,LX1.Slow.C,130.0,-2690.0,0.9645
NQ,Fast,2016-04-05 15:50:00,2016-04-06 15:50:00,6599.25,6659.75,2.0,2420.0,92850.0,0.0484,0.9285,0.0,24.0,LE1.Fast.C,LX1.Fast.C,280.0,-2540.0,0.9573999999999999
NQ,Slow,2016-04-11 15:35:00,2016-04-12 15:35:00,6575.25,6614.75,2.0,1580.0,94430.0,0.0316,0.9443,0.0,24.0,LE.Slow.C,LX1.Slow.C,950.0,-1890.0,0.8908
NQ,Fast,2016-04-11 15:50:00,2016-04-12 15:50:00,6571.25,6612.0,2.0,1630.0,96060.0,0.0326,0.9606,0.0,24.0,LE2.Fast.C,LX2.Fast.C,790.0,-2050.0,0.8521
NQ,Slow,2016-04-21 15:35:00,2016-05-09 15:35:00,6618.5,6460.5,2.0,-6320.0,89740.0,-0.1264,0.8974,-0.0632,432.0,LE.Slow.C,LX1.Slow.C,8900.0,-330.0,0.27949999999999997
NQ,Fast,2016-04-21 15:50:00,2016-04-25 15:50:00,6619.5,6597.5,2.0,-880.0,88860.0,-0.0176,0.8886,-0.072,96.0,LE2.Fast.C,LX2.Fast.C,2540.0,-290.0,0.5866
NQ,Fast,2016-04-26 15:50:00,2016-04-27 15:50:00,6549.25,6557.75,2.0,340.0,89200.0,0.0068,0.892,-0.0686,24.0,LE2.Fast.C,LX2.Fast.C,2080.0,-350.0,0.9959
NQ,Fast,2016-04-29 15:50:00,2016-05-02 15:00:00,6458.5,6499.0,2.0,1620.0,90820.0,0.0324,0.9082,-0.0524,71.16666666666667,LE2.Fast.C,LX1.Open.Fast.C,620.0,-1800.0,0.9256
NQ,Fast,2016-05-04 15:50:00,2016-05-06 15:00:00,6433.5,6445.25,2.0,470.0,91290.0,0.0094,0.9129,-0.0477,47.166666666666664,LE1.Fast.C,LX1.Open.Fast.C,1500.0,-1360.0,0.6888
NQ,Slow,2016-05-11 15:35:00,2016-05-16 15:35:00,6476.5,6499.75,2.0,930.0,92220.0,0.0186,0.9222,-0.0384,120.0,LE.Slow.C,LX1.Slow.C,1910.0,-1620.0,0.8045
NQ,Fast,2016-05-11 15:50:00,2016-05-16 15:50:00,6478.75,6496.5,2.0,710.0,92930.0,0.0142,0.9293,-0.0313,120.0,LE2.Fast.C,LX2.Fast.C,2000.0,-1530.0,0.7676999999999999
NQ,Slow,2016-05-17 15:35:00,2016-05-20 15:35:00,6446.5,6488.25,2.0,1670.0,94600.0,0.0334,0.946,-0.0146,72.0,LE.Slow.C,LX1.Slow.C,1630.0,-2300.0,0.8397
NQ,Fast,2016-05-17 15:50:00,2016-05-18 15:50:00,6446.5,6460.5,2.0,560.0,95160.0,0.0112,0.9516,-0.009,24.0,LE2.Fast.C,LX2.Fast.C,820.0,-1500.0,0.5948
NQ,Slow,2016-06-13 15:35:00,2016-06-21 15:30:00,6550.75,6533.75,2.0,-680.0,94480.0,-0.0136,0.9448,-0.0158,191.91666666666666,LE.Slow.C,LX1.Slow.C,2610.0,-760.0,0.5727
NQ,Fast,2016-06-13 15:50:00,2016-06-16 15:50:00,6549.25,6550.0,2.0,30.0,94510.0,0.0006,0.9451,-0.0155,72.0,LE2.Fast.C,LX2.Fast.C,2550.0,-780.0,0.7748
NQ,Fast,2016-06-17 15:50:00,2016-06-20 15:00:00,6494.5,6521.75,2.0,1090.0,95600.0,0.0218,0.956,-0.0046,71.16666666666667,LE2.Fast.C,LX1.Open.Fast.C,10.0,-3010.0,0.3642
NQ,Fast,2016-06-20 15:50:00,2016-06-21 15:50:00,6524.75,6530.25,2.0,220.0,95820.0,0.0044,0.9582,-0.0024,24.0,LE2.Fast.C,LX2.Fast.C,140.0,-960.0,0.3273
NQ,Slow,2016-06-22 15:35:00,2016-06-23 15:35:00,6529.0,6597.25,2.0,2730.0,98550.0,0.0546,0.9855,0.0,24.0,LE.Slow.C,LX1.Slow.C,70.0,-2740.0,0.9964
NQ,Fast,2016-06-22 15:50:00,2016-06-23 15:50:00,6529.0,6604.75,2.0,3030.0,101580.0,0.0606,1.0158,0.0,24.0,LE2.Fast.C,LX2.Fast.C,70.0,-3090.0,0.981
NQ,Slow,2016-06-27 15:35:00,2016-06-29 15:35:00,6313.75,6494.75,2.0,7240.0,108820.0,0.1448,1.0882,0.0,48.0,LE.Slow.C,LX1.Slow.C,300.0,-7390.0,0.9804999999999999
NQ,Fast,2016-06-27 15:50:00,2016-06-28 15:50:00,6310.25,6416.75,2.0,4260.0,113080.0,0.0852,1.1308,0.0,24.0,LE2.Fast.C,LX2.Fast.C,160.0,-4280.0,0.9954999999999999
NQ,Slow,2016-08-24 15:35:00,2016-09-02 15:30:00,6920.0,6927.75,2.0,310.0,113390.0,0.0062,1.1339,0.0,215.91666666666666,LE.Slow.C,LX1.Slow.C,1500.0,-1230.0,0.6629999999999999
NQ,Fast,2016-08-24 15:50:00,2016-08-29 15:50:00,6920.0,6928.0,2.0,320.0,113710.0,0.0064,1.1371,0.0,120.0,LE2.Fast.C,LX2.Fast.C,1190.0,-1220.0,0.6265999999999999
NQ,Slow,2016-09-09 15:35:00,2016-09-12 15:35:00,6805.75,6899.0,2.0,3730.0,117440.0,0.0746,1.1744,0.0,72.0,LE.Slow.C,LX.V140.Slow.C,1720.0,-4020.0,0.9495
NQ,Fast,2016-09-09 15:50:00,2016-09-12 15:00:00,6809.25,6894.75,2.0,3420.0,120860.0,0.0684,1.2086,0.0,71.16666666666667,LE2.Fast.C,LX1.Open.Fast.C,1860.0,-3880.0,0.9198999999999999
NQ,Slow,2016-09-14 15:35:00,2016-09-15 15:35:00,6866.5,6951.5,2.0,3400.0,124260.0,0.068,1.2426,0.0,24.0,LE.Slow.C,LX1.Slow.C,510.0,-3780.0,0.9114
NQ,Slow,2016-09-20 15:35:00,2016-09-21 15:35:00,6939.0,6987.0,2.0,1920.0,126180.0,0.0384,1.2618,0.0,24.0,LE.Slow.C,LX1.Slow.C,520.0,-2120.0,0.9242
NQ,Fast,2016-09-20 15:50:00,2016-09-21 15:50:00,6935.0,6985.75,2.0,2030.0,128210.0,0.0406,1.2821,0.0,24.0,LE2.Fast.C,LX2.Fast.C,360.0,-2280.0,0.9053
NQ,Slow,2016-09-26 15:35:00,2016-09-27 15:35:00,6952.0,6997.75,2.0,1830.0,130040.0,0.0366,1.3004,0.0,24.0,LE.Slow.C,LX1.Slow.C,550.0,-2000.0,0.9333
NQ,Fast,2016-09-26 15:50:00,2016-09-27 15:50:00,6952.5,6997.75,2.0,1810.0,131850.0,0.0362,1.3185,0.0,24.0,LE2.Fast.C,LX2.Fast.C,570.0,-1980.0,0.9333
NQ,Fast,2016-10-12 15:50:00,2016-10-13 15:50:00,6948.5,6932.25,2.0,-650.0,131200.0,-0.013,1.312,-0.0065,24.0,LE2.Fast.C,LX2.Fast.C,2260.0,-80.0,0.688
NQ,Fast,2016-10-14 15:50:00,2016-10-18 15:00:00,6940.25,6974.0,2.0,1350.0,132550.0,0.027,1.3255,0.0,95.16666666666667,LE2.Fast.C,LX.Gap.Fast.C,870.0,-2160.0,0.7326999999999999
NQ,Slow,2016-10-18 15:35:00,2016-10-19 15:35:00,6963.75,6968.25,2.0,180.0,132730.0,0.0036,1.3273,0.0,24.0,LE.Slow.C,LX1.Slow.C,610.0,-560.0,0.6751999999999999
NQ,Fast,2016-10-18 15:50:00,2016-10-19 15:50:00,6964.5,6969.25,2.0,190.0,132920.0,0.0038,1.3292,0.0,24.0,LE2.Fast.C,LX2.Fast.C,640.0,-530.0,0.7094
NQ,Slow,2016-10-26 15:35:00,2016-11-07 15:35:00,6991.0,6914.0,2.0,-3080.0,129840.0,-0.0616,1.2984,-0.0308,288.0,LE.Slow.C,LX1.Slow.C,8090.0,-1070.0,0.5468999999999999
NQ,Fast,2016-10-26 15:50:00,2016-11-07 15:50:00,6991.5,6916.75,2.0,-2990.0,126850.0,-0.0598,1.2685,-0.0607,288.0,LE2.Fast.C,LX2.Fast.C,8110.0,-1050.0,0.5589999999999999
NQ,Slow,2016-11-30 15:35:00,2016-12-05 15:35:00,6958.25,6918.25,2.0,-1600.0,125250.0,-0.032,1.2525,-0.0767,120.0,LE.Slow.C,LX1.Slow.C,4770.0,-270.0,0.629
NQ,Fast,2016-11-30 15:50:00,2016-12-05 15:00:00,6955.5,6915.5,2.0,-1600.0,123650.0,-0.032,1.2365,-0.0927,119.16666666666667,LE2.Fast.C,LX.Gap.Fast.C,4660.0,-380.0,0.6071
NQ,Slow,2016-12-16 15:30:00,2016-12-19 15:35:00,7055.0,7077.75,2.0,910.0,124560.0,0.0182,1.2456,-0.0836,72.08333333333333,LE.Slow.C,LX1.Slow.C,210.0,-2000.0,0.5068
NQ,Fast,2016-12-16 15:50:00,2016-12-19 15:00:00,7052.0,7071.75,2.0,790.0,125350.0,0.0158,1.2535,-0.0757,71.16666666666667,LE2.Fast.C,LX1.Open.Fast.C,30.0,-2120.0,0.3814
NQ,Fast,2016-12-19 15:50:00,2016-12-20 15:50:00,7079.0,7095.0,2.0,640.0,125990.0,0.0128,1.2599,-0.0693,24.0,LE2.Fast.C,LX2.Fast.C,70.0,-920.0,0.7172
NQ,Slow,2016-12-28 15:35:00,2017-01-04 15:35:00,7063.25,7071.75,2.0,340.0,126330.0,0.0068,1.2633,-0.0659,168.0,LE.Slow.C,LX1.Slow.C,2980.0,-720.0,0.8973
NQ,Fast,2016-12-28 15:50:00,2017-01-03 15:50:00,7063.25,7045.0,2.0,-730.0,125600.0,-0.0146,1.256,-0.0732,144.0,LE2.Fast.C,LX2.Fast.C,2980.0,-620.0,0.625
NQ,Fast,2017-03-02 15:50:00,2017-03-03 15:50:00,7498.75,7510.75,2.0,480.0,126080.0,0.0096,1.2608,-0.0684,24.0,LE2.Fast.C,LX2.Fast.C,630.0,-540.0,0.9487000000000001
NQ,Slow,2017-03-22 15:20:00,2017-03-24 15:35:00,7500.25,7512.75,2.0,500.0,126580.0,0.01,1.2658,-0.0634,48.25,LE.Slow.C,LX1.Slow.C,730.0,-1180.0,0.644
NQ,Fast,2017-03-22 15:50:00,2017-03-23 15:50:00,7499.75,7493.0,2.0,-270.0,126310.0,-0.0054,1.2631,-0.0661,24.0,LE2.Fast.C,LX2.Fast.C,710.0,-540.0,0.35200000000000004
NQ,Fast,2017-04-06 15:50:00,2017-04-07 15:50:00,7557.25,7556.0,2.0,-50.0,126260.0,-0.001,1.2626,-0.0666,24.0,LE2.Fast.C,LX2.Fast.C,1590.0,-540.0,0.723
NQ,Slow,2017-04-12 15:35:00,2017-04-17 15:35:00,7506.25,7529.5,2.0,930.0,127190.0,0.0186,1.2719,-0.0573,120.0,LE.Slow.C,LX1.Slow.C,960.0,-1120.0,0.9087000000000001
NQ,Fast,2017-04-12 15:50:00,2017-04-17 15:00:00,7504.25,7532.75,2.0,1140.0,128330.0,0.0228,1.2833,-0.0459,119.16666666666667,LE2.Fast.C,LX.Gap.Fast.C,880.0,-1200.0,0.9712000000000001
NQ,Slow,2017-04-19 15:30:00,2017-04-20 15:35:00,7531.5,7577.5,2.0,1840.0,130170.0,0.0368,1.3017,-0.0275,24.083333333333332,LE.Slow.C,LX1.Slow.C,110.0,-2320.0,0.8025
NQ,Slow,2017-04-26 15:35:00,2017-04-27 15:35:00,7671.75,7723.75,2.0,2080.0,132250.0,0.0416,1.3225,-0.0067,24.0,LE.Slow.C,LX1.Slow.C,110.0,-2480.0,0.8456
NQ,Fast,2017-04-26 15:50:00,2017-04-27 15:50:00,7672.75,7722.25,2.0,1980.0,134230.0,0.0396,1.3423,0.0,24.0,LE2.Fast.C,LX2.Fast.C,150.0,-2440.0,0.8223999999999999
NQ,Fast,2017-05-03 15:50:00,2017-05-04 15:50:00,7745.25,7762.0,2.0,670.0,134900.0,0.0134,1.349,0.0,24.0,LE2.Fast.C,LX2.Fast.C,270.0,-940.0,0.7768999999999999
NQ,Slow,2017-05-19 15:30:00,2017-05-22 15:35:00,7788.25,7836.0,2.0,1910.0,136810.0,0.0382,1.3681,0.0,72.08333333333333,LE.Slow.C,LX1.Slow.C,190.0,-2020.0,0.9501999999999999
NQ,Fast,2017-05-19 15:50:00,2017-05-22 15:00:00,7789.25,7837.75,2.0,1940.0,138750.0,0.0388,1.3875,0.0,71.16666666666667,LE2.Fast.C,LX1.Open.Fast.C,230.0,-1980.0,0.9819
NQ,Slow,2017-06-20 15:35:00,2017-06-21 15:35:00,7860.5,7922.25,2.0,2470.0,141220.0,0.0494,1.4122,0.0,24.0,LE.Slow.C,LX1.Slow.C,1370.0,-2530.0,0.9845999999999999
NQ,Fast,2017-06-20 15:50:00,2017-06-21 15:50:00,7857.5,7921.5,2.0,2560.0,143780.0,0.0512,1.4378,0.0,24.0,LE2.Fast.C,LX2.Fast.C,1250.0,-2650.0,0.9769
NQ,Slow,2017-07-06 15:35:00,2017-07-07 15:35:00,7725.75,7782.0,2.0,2250.0,146030.0,0.045,1.4603,0.0,24.0,LE.Slow.C,LX1.Slow.C,280.0,-3120.0,0.7441
NQ,Fast,2017-07-06 15:50:00,2017-07-07 15:50:00,7727.75,7784.5,2.0,2270.0,148300.0,0.0454,1.483,0.0,24.0,LE2.Fast.C,LX2.Fast.C,360.0,-3040.0,0.7735
NQ,Slow,2017-08-10 15:35:00,2017-08-14 15:35:00,7913.0,8037.25,2.0,4970.0,153270.0,0.0994,1.5327,0.0,96.0,LE.Slow.C,LX1.Slow.C,990.0,-5240.0,0.9567
NQ,Fast,2017-08-10 15:50:00,2017-08-11 15:50:00,7902.25,7963.25,2.0,2440.0,155710.0,0.0488,1.5571,0.0,24.0,LE2.Fast.C,LX2.Fast.C,560.0,-2830.0,0.885
NQ,Slow,2017-08-17 15:35:00,2017-08-22 15:35:00,7928.0,8006.25,2.0,3130.0,158840.0,0.0626,1.5884,0.0,120.0,LE.Slow.C,LX1.Slow.C,1940.0,-3250.0,0.9769
NQ,Fast,2017-08-17 15:50:00,2017-08-18 15:50:00,7917.75,7925.75,2.0,320.0,159160.0,0.0064,1.5916,0.0,24.0,LE2.Fast.C,LX2.Fast.C,720.0,-1780.0,0.41600000000000004
NQ,Fast,2017-08-21 15:50:00,2017-08-22 15:50:00,7921.75,8009.0,2.0,3490.0,162650.0,0.0698,1.6265,0.0,24.0,LE2.Fast.C,LX2.Fast.C,10.0,-3500.0,0.9972
NQ,Slow,2017-08-25 15:35:00,2017-08-29 15:30:00,7953.0,7997.25,2.0,1770.0,164420.0,0.0354,1.6442,0.0,95.91666666666667,LE.Slow.C,LX1.Slow.C,1940.0,-1990.0,0.9440000000000001
NQ,Fast,2017-08-25 15:50:00,2017-08-28 15:00:00,7952.0,7963.5,2.0,460.0,164880.0,0.0092,1.6488,0.0,71.16666666666667,LE2.Fast.C,LX1.Open.Fast.C,940.0,-1250.0,0.6393
NQ,Slow,2017-10-23 15:30:00,2017-10-26 15:35:00,8183.75,8214.0,2.0,1210.0,166090.0,0.0242,1.6609,0.0,72.08333333333333,LE.Slow.C,LX1.Slow.C,2110.0,-1210.0,1.0
NQ,Fast,2017-10-23 15:50:00,2017-10-24 15:50:00,8183.25,8195.0,2.0,470.0,166560.0,0.0094,1.6656,0.0,24.0,LE2.Fast.C,LX2.Fast.C,250.0,-1170.0,0.507
NQ,Slow,2017-11-15 15:35:00,2017-11-16 15:35:00,8386.75,8461.25,2.0,2980.0,169540.0,0.0596,1.6954,0.0,24.0,LE.Slow.C,LX1.Slow.C,240.0,-3670.0,0.8234999999999999
NQ,Fast,2017-11-15 15:50:00,2017-11-16 15:50:00,8383.5,8462.75,2.0,3170.0,172710.0,0.0634,1.7271,0.0,24.0,LE1.Fast.C,LX1.Fast.C,110.0,-3800.0,0.8389
NQ,Slow,2017-11-17 15:35:00,2017-11-20 15:35:00,8433.25,8435.75,2.0,100.0,172810.0,0.002,1.7281,0.0,72.0,LE.Slow.C,LX1.Slow.C,880.0,-640.0,0.6446999999999999
NQ,Fast,2017-11-17 15:50:00,2017-11-20 15:00:00,8430.75,8431.75,2.0,40.0,172850.0,0.0008,1.7285,0.0,71.16666666666667,LE2.Fast.C,LX1.Open.Fast.C,780.0,-740.0,0.5395
NQ,Fast,2017-11-20 15:50:00,2017-11-21 15:50:00,8436.5,8499.25,2.0,2510.0,175360.0,0.0502,1.7536,0.0,24.0,LE2.Fast.C,LX2.Fast.C,210.0,-2750.0,0.9189
NQ,Slow,2017-12-14 15:30:00,2017-12-15 15:35:00,8511.25,8601.25,2.0,3600.0,178960.0,0.072,1.7896,0.0,24.083333333333332,LE.Slow.C,LX1.Slow.C,370.0,-3630.0,0.9925
NQ,Fast,2017-12-14 15:50:00,2017-12-15 15:50:00,8506.25,8600.5,2.0,3770.0,182730.0,0.0754,1.8273,0.0,24.0,LE2.Fast.C,LX2.Fast.C,170.0,-3840.0,0.9825
NQ,Slow,2017-12-21 15:35:00,2018-01-02 15:20:00,8593.25,8615.25,2.0,880.0,183610.0,0.0176,1.8361,0.0,287.75,LE.Slow.C,LX1.Slow.C,4350.0,-1250.0,0.9339
NQ,Fast,2017-12-21 15:50:00,2018-01-02 15:50:00,8592.5,8616.5,2.0,960.0,184570.0,0.0192,1.8457,0.0,288.0,LE2.Fast.C,LX2.Fast.C,4320.0,-1280.0,0.9429000000000001
NQ,Fast,2018-01-31 15:50:00,2018-02-02 15:50:00,9026.0,8859.0,2.0,-6680.0,177890.0,-0.1336,1.7789,-0.0668,48.0,LE2.Fast.C,LX2.V140.Fast.C,6900.0,-2520.0,0.023399999999999997
NQ,Slow,2018-02-01 15:35:00,2018-02-02 15:35:00,9007.5,8859.0,2.0,-5940.0,171950.0,-0.1188,1.7195,-0.1262,24.0,LE.Slow.C,LX.V140.Slow.C,6160.0,-2290.0,0.026000000000000002
NQ,Slow,2018-04-09 15:35:00,2018-04-10 15:20:00,8572.0,8700.0,2.0,5120.0,177070.0,0.1024,1.7707,-0.075,23.75,LE.Slow.C,LX1.Slow.C,970.0,-6230.0,0.8458
NQ,Fast,2018-04-09 15:50:00,2018-04-10 15:00:00,8565.5,8705.0,2.0,5580.0,182650.0,0.1116,1.8265,-0.0192,23.166666666666668,LE1.Fast.C,LX.Gap.Fast.C,710.0,-6490.0,0.8736
NQ,Slow,2018-04-11 15:30:00,2018-04-12 15:30:00,8668.25,8746.25,2.0,3120.0,185770.0,0.0624,1.8577,0.0,24.0,LE.Slow.C,LX1.Slow.C,100.0,-4060.0,0.774
NQ,Fast,2018-04-11 15:50:00,2018-04-12 15:50:00,8671.0,8747.75,2.0,3070.0,188840.0,0.0614,1.8884,0.0,24.0,LE2.Fast.C,LX2.Fast.C,210.0,-3950.0,0.7885
NQ,Slow,2018-04-13 15:35:00,2018-04-16 15:20:00,8714.0,8788.5,2.0,2980.0,191820.0,0.0596,1.9182,0.0,71.75,LE.Slow.C,LX1.Slow.C,50.0,-3360.0,0.8886
NQ,Fast,2018-04-13 15:50:00,2018-04-16 15:00:00,8715.0,8769.25,2.0,2170.0,193990.0,0.0434,1.9399,0.0,71.16666666666667,LE2.Fast.C,LX1.Open.Fast.C,50.0,-2840.0,0.7681999999999999
NQ,Slow,2018-04-20 15:35:00,2018-04-26 15:20:00,8752.75,8812.0,2.0,2370.0,196360.0,0.0474,1.9636,0.0,143.75,LE.Slow.C,LX1.Slow.C,9900.0,-2410.0,0.9968
NQ,Fast,2018-04-20 15:50:00,2018-04-25 15:50:00,8752.0,8644.0,2.0,-4320.0,192040.0,-0.0864,1.9204,-0.0432,120.0,LE2.Fast.C,LX2.Fast.C,9870.0,-2080.0,0.4644
NQ,Slow,2018-04-30 15:35:00,2018-05-01 15:35:00,8689.25,8767.0,2.0,3110.0,195150.0,0.0622,1.9515,-0.0121,24.0,LE.Slow.C,LX1.Slow.C,1380.0,-3400.0,0.9393
NQ,Fast,2018-04-30 15:50:00,2018-05-01 15:50:00,8685.75,8804.25,2.0,4740.0,199890.0,0.0948,1.9989,0.0,24.0,LE1.Fast.C,LX1.Fast.C,1240.0,-5210.0,0.9270999999999999
NQ,Slow,2018-05-02 15:35:00,2018-05-03 15:30:00,8710.25,8738.75,2.0,1140.0,201030.0,0.0228,2.0103,0.0,23.916666666666668,LE.Slow.C,LX1.Slow.C,3850.0,-1490.0,0.9345
NQ,Fast,2018-05-02 15:50:00,2018-05-03 15:50:00,8714.0,8738.5,2.0,980.0,202010.0,0.0196,2.0201,0.0,24.0,LE2.Fast.C,LX2.Fast.C,4000.0,-1340.0,0.9326000000000001
NQ,Slow,2018-05-18 15:35:00,2018-05-21 15:35:00,8950.75,8991.25,2.0,1620.0,203630.0,0.0324,2.0363,0.0,72.0,LE.Slow.C,LX1.Slow.C,70.0,-3290.0,0.503
NQ,Fast,2018-05-18 15:50:00,2018-05-21 15:00:00,8951.0,8988.0,2.0,1480.0,205110.0,0.0296,2.0511,0.0,71.16666666666667,LE2.Fast.C,LX1.Open.Fast.C,80.0,-3280.0,0.4643
NQ,Fast,2018-05-21 15:50:00,2018-05-22 15:50:00,8989.25,8988.25,2.0,-40.0,205070.0,-0.0008,2.0507,-0.0004,24.0,LE2.Fast.C,LX2.Fast.C,930.0,-1660.0,0.3436
NQ,Slow,2018-05-22 15:30:00,2018-05-23 15:35:00,8984.5,9033.0,2.0,1940.0,207010.0,0.0388,2.0701,0.0,24.083333333333332,LE.Slow.C,LX1.Slow.C,3150.0,-2120.0,0.9658
NQ,Slow,2018-06-13 15:35:00,2018-06-14 15:35:00,9283.0,9363.0,2.0,3200.0,210210.0,0.064,2.1021,0.0,24.0,LE.Slow.C,LX1.Slow.C,1030.0,-3600.0,0.9136
NQ,Fast,2018-06-21 15:50:00,2018-06-22 15:00:00,9285.5,9283.5,2.0,-80.0,210130.0,-0.0016,2.1013,-0.0008,23.166666666666668,LE2.Fast.C,LX.Gap.Fast.C,1410.0,-1620.0,0.4389
NQ,Slow,2018-06-22 15:20:00,2018-06-25 15:35:00,9275.5,9123.75,2.0,-6070.0,204060.0,-0.1214,2.0406,-0.0615,72.25,LE.Slow.C,LX.V140.Slow.C,9120.0,-70.0,0.3319
NQ,Fast,2018-06-22 15:50:00,2018-06-25 15:50:00,9272.25,9126.0,2.0,-5850.0,198210.0,-0.117,1.9821,-0.12,72.0,LE2.Fast.C,LX2.V140.Fast.C,8990.0,-100.0,0.3454
NQ,Slow,2018-06-27 15:35:00,2018-06-29 15:35:00,9052.5,9125.0,2.0,2900.0,201110.0,0.058,2.0111,-0.091,48.0,LE.Slow.C,LX1.Slow.C,1780.0,-4930.0,0.6975
NQ,Fast,2018-06-27 15:50:00,2018-06-28 15:50:00,9049.25,9112.0,2.0,2510.0,203620.0,0.0502,2.0362,-0.0659,24.0,LE2.Fast.C,LX2.Fast.C,1650.0,-3170.0,0.8631
NQ,Fast,2018-06-29 15:50:00,2018-07-02 15:00:00,9122.75,9160.5,2.0,1510.0,205130.0,0.0302,2.0513,-0.0508,71.16666666666667,LE2.Fast.C,LX1.Open.Fast.C,3330.0,-1670.0,0.968
NQ,Slow,2018-07-16 15:35:00,2018-07-17 15:35:00,9376.0,9474.0,2.0,3920.0,209050.0,0.0784,2.0905,-0.0116,24.0,LE.Slow.C,LX1.Slow.C,1260.0,-4480.0,0.9024
NQ,Slow,2018-07-20 15:35:00,2018-07-23 15:35:00,9412.0,9478.0,2.0,2640.0,211690.0,0.0528,2.1169,0.0,72.0,LE.Slow.C,LX1.Slow.C,1940.0,-2910.0,0.9443
NQ,Fast,2018-07-20 15:50:00,2018-07-23 15:00:00,9418.0,9435.25,2.0,690.0,212380.0,0.0138,2.1238,0.0,71.16666666666667,LE2.Fast.C,LX1.Open.Fast.C,2180.0,-980.0,0.9081999999999999
NQ,Slow,2018-07-30 15:35:00,2018-08-02 15:35:00,9254.0,9437.0,2.0,7320.0,219700.0,0.1464,2.197,0.0,72.0,LE.Slow.C,LX1.Slow.C,510.0,-7530.0,0.9739
NQ,Fast,2018-07-30 15:50:00,2018-07-31 15:50:00,9260.25,9338.5,2.0,3130.0,222830.0,0.0626,2.2283,0.0,24.0,LE2.Fast.C,LX2.Fast.C,760.0,-3590.0,0.8943000000000001
NQ,Fast,2018-08-09 15:50:00,2018-08-14 15:50:00,9525.25,9512.75,2.0,-500.0,222330.0,-0.01,2.2233,-0.005,120.0,LE2.Fast.C,LX2.Fast.C,3800.0,-230.0,0.8189
NQ,Slow,2018-08-13 15:35:00,2018-08-14 15:35:00,9469.75,9510.0,2.0,1610.0,223940.0,0.0322,2.2394,0.0,24.0,LE.Slow.C,LX1.Slow.C,830.0,-1890.0,0.8970999999999999
NQ,Slow,2018-08-21 15:20:00,2018-08-22 15:30:00,9448.25,9484.75,2.0,1460.0,225400.0,0.0292,2.254,0.0,24.166666666666668,LE.Slow.C,LX1.Slow.C,1770.0,-1940.0,0.8706
NQ,Fast,2018-08-21 15:50:00,2018-08-22 15:50:00,9444.75,9487.0,2.0,1690.0,227090.0,0.0338,2.2709,0.0,24.0,LE2.Fast.C,LX2.Fast.C,1630.0,-2080.0,0.8948999999999999
NQ,Slow,2018-08-23 15:30:00,2018-08-24 15:35:00,9476.25,9548.0,2.0,2870.0,229960.0,0.0574,2.2996,0.0,24.083333333333332,LE.Slow.C,LX1.Slow.C,60.0,-3010.0,0.9544
NQ,Fast,2018-08-23 15:50:00,2018-08-24 15:50:00,9478.75,9549.25,2.0,2820.0,232780.0,0.0564,2.3278,0.0,24.0,LE2.Fast.C,LX2.Fast.C,160.0,-2910.0,0.9706999999999999
NQ,Slow,2018-09-06 15:35:00,2018-09-11 15:35:00,9508.75,9564.75,2.0,2240.0,235020.0,0.0448,2.3502,0.0,120.0,LE.Slow.C,LX1.Slow.C,2550.0,-2720.0,0.9089
NQ,Fast,2018-09-06 15:50:00,2018-09-10 15:50:00,9506.25,9513.0,2.0,270.0,235290.0,0.0054,2.3529,0.0,96.0,LE2.Fast.C,LX2.Fast.C,2450.0,-1620.0,0.6683
NQ,Slow,2018-09-17 15:35:00,2018-09-20 15:35:00,9489.0,9633.5,2.0,5780.0,241070.0,0.1156,2.4107,0.0,72.0,LE.Slow.C,LX1.Slow.C,1710.0,-5940.0,0.9791
NQ,Fast,2018-09-17 15:50:00,2018-09-18 15:50:00,9485.75,9550.75,2.0,2600.0,243670.0,0.052,2.4367,0.0,24.0,LE2.Fast.C,LX2.Fast.C,1580.0,-4100.0,0.7359
NQ,Slow,2018-10-02 15:20:00,2018-10-03 15:35:00,9677.25,9688.25,2.0,440.0,244110.0,0.0088,2.4411,0.0,24.25,LE.Slow.C,LX1.Slow.C,470.0,-2020.0,0.3655
NQ,Fast,2018-10-02 15:50:00,2018-10-04 15:50:00,9679.75,9537.25,2.0,-5700.0,238410.0,-0.114,2.3841,-0.057,48.0,LE2.Fast.C,LX2.V140.Fast.C,7970.0,-1920.0,0.22949999999999998
NQ,Slow,2018-10-19 15:35:00,2018-10-23 15:35:00,9131.25,9164.5,2.0,1330.0,239740.0,0.0266,2.3974,-0.0437,96.0,LE.Slow.C,LX.V140.Slow.C,6530.0,-4130.0,0.7373000000000001
NQ,Fast,2018-10-19 15:50:00,2018-10-22 15:00:00,9127.75,9191.75,2.0,2560.0,242300.0,0.0512,2.423,-0.0181,71.16666666666667,LE1.Fast.C,LX.Gap.Fast.C,1870.0,-4270.0,0.7215
NQ,Fast,2018-10-22 15:50:00,2018-10-23 15:50:00,9180.25,9157.25,2.0,-920.0,241380.0,-0.0184,2.4138,-0.0273,24.0,LE2.Fast.C,LX2.Fast.C,8490.0,-310.0,0.8602
NQ,Slow,2018-10-25 15:35:00,2018-10-26 15:35:00,8953.5,8916.5,2.0,-1480.0,239900.0,-0.0296,2.399,-0.0421,24.0,LE.Slow.C,LX.V140.Slow.C,7810.0,-2280.0,0.6274000000000001
NQ,Slow,2018-11-13 15:35:00,2018-11-15 15:35:00,8873.75,8919.5,2.0,1830.0,241730.0,0.0366,2.4173,-0.0238,48.0,LE.Slow.C,LX1.Slow.C,5500.0,-3190.0,0.8434999999999999
NQ,Fast,2018-11-13 15:50:00,2018-11-14 15:00:00,8879.75,8806.0,2.0,-2950.0,238780.0,-0.059,2.3878,-0.0533,23.166666666666668,LE2.Fast.C,LX.Gap.Fast.C,4390.0,-2950.0,0.1962
NQ,Fast,2018-11-14 15:50:00,2018-11-15 15:50:00,8790.25,8900.75,2.0,4420.0,243200.0,0.0884,2.432,-0.0091,24.0,LE2.Fast.C,LX2.Fast.C,2160.0,-6170.0,0.7898999999999999
NQ,Slow,2018-11-21 15:35:00,2018-11-26 15:35:00,8601.75,8687.0,2.0,3410.0,246610.0,0.0682,2.4661,0.0,120.0,LE.Slow.C,LX1.Slow.C,3310.0,-4750.0,0.8337
NQ,Fast,2018-11-21 15:50:00,2018-11-26 15:50:00,8601.5,8671.25,2.0,2790.0,249400.0,0.0558,2.494,0.0,120.0,LE2.Fast.C,LX2.Fast.C,3300.0,-4760.0,0.7556
NQ,Slow,2018-12-10 15:35:00,2018-12-12 15:30:00,8724.0,8790.5,2.0,2660.0,252060.0,0.0532,2.5206,0.0,47.916666666666664,LE.Slow.C,LX1.Slow.C,1950.0,-6880.0,0.5221
NQ,Fast,2018-12-12 15:50:00,2018-12-13 15:50:00,8777.75,8772.0,2.0,-230.0,251830.0,-0.0046,2.5183,-0.0023,24.0,LE2.Fast.C,LX2.Fast.C,1180.0,-3440.0,0.20559999999999998
NQ,Slow,2018-12-14 15:35:00,2018-12-20 15:30:00,8618.75,8321.75,2.0,-11880.0,239950.0,-0.2376,2.3995,-0.1211,143.91666666666666,LE.Slow.C,LX.V140.Slow.C,17590.0,-1450.0,0.2999
NQ,Fast,2018-12-14 15:50:00,2018-12-18 15:00:00,8612.25,8545.75,2.0,-2660.0,237290.0,-0.0532,2.3729,-0.1477,95.16666666666667,LE1.Fast.C,LX.Gap.Fast.C,7600.0,-1710.0,0.5306000000000001
NQ,Fast,2018-12-18 15:50:00,2018-12-19 15:00:00,8477.75,8374.5,2.0,-4130.0,233160.0,-0.0826,2.3316,-0.189,23.166666666666668,LE2.Fast.C,LX.Gap.Fast.C,7100.0,-5250.0,0.24050000000000002
NQ,Fast,2019-01-03 15:50:00,2019-01-04 15:00:00,8170.0,8423.0,2.0,10120.0,243280.0,0.2024,2.4328,-0.0878,23.166666666666668,LE1.Fast.C,LX.Gap.Fast.C,1380.0,-11640.0,0.8833
NQ,Slow,2019-01-16 15:35:00,2019-01-17 15:35:00,8667.25,8717.25,2.0,2000.0,245280.0,0.04,2.4528,-0.0678,24.0,LE.Slow.C,LX1.Slow.C,2240.0,-3670.0,0.7173999999999999
NQ,Fast,2019-01-16 15:50:00,2019-01-17 15:50:00,8665.75,8728.5,2.0,2510.0,247790.0,0.0502,2.4779,-0.0427,24.0,LE2.Fast.C,LX2.Fast.C,2180.0,-3730.0,0.7936
NQ,Slow,2019-01-24 15:35:00,2019-01-25 15:35:00,8675.5,8789.5,2.0,4560.0,252350.0,0.0912,2.5235,0.0,24.0,LE.Slow.C,LX1.Slow.C,140.0,-5360.0,0.8545
NQ,Slow,2019-02-13 15:35:00,2019-02-14 15:35:00,9015.5,9029.0,2.0,540.0,252890.0,0.0108,2.5289,0.0,24.0,LE.Slow.C,LX1.Slow.C,1780.0,-1640.0,0.6784
NQ,Fast,2019-02-26 15:50:00,2019-02-27 15:50:00,9115.5,9123.25,2.0,310.0,253200.0,0.0062,2.532,0.0,24.0,LE2.Fast.C,LX2.Fast.C,2740.0,-610.0,0.9104000000000001
NQ,Slow,2019-03-06 15:35:00,2019-03-11 15:35:00,9108.75,9163.75,2.0,2200.0,255400.0,0.044,2.554,0.0,120.0,LE.Slow.C,LX1.Slow.C,6860.0,-2400.0,0.9784
NQ,Fast,2019-03-06 15:50:00,2019-03-08 15:50:00,9108.0,9029.25,2.0,-3150.0,252250.0,-0.063,2.5225,-0.0315,48.0,LE2.Fast.C,LX2.Fast.C,6830.0,-600.0,0.4953
NQ,Slow,2019-04-29 15:35:00,2019-05-03 15:35:00,9785.25,9836.5,2.0,2050.0,254300.0,0.041,2.543,-0.011,96.0,LE.Slow.C,LX1.Slow.C,5260.0,-2140.0,0.9878
NQ,Fast,2019-05-01 15:50:00,2019-05-02 15:00:00,9713.75,9702.0,2.0,-470.0,253830.0,-0.0094,2.5383,-0.0157,23.166666666666668,LE2.Fast.C,LX.Gap.Fast.C,2400.0,-2510.0,0.3931
NQ,Fast,2019-05-02 15:50:00,2019-05-03 15:00:00,9710.0,9829.75,2.0,4790.0,258620.0,0.0958,2.5862,0.0,23.166666666666668,LE2.Fast.C,LX.Gap.Fast.C,150.0,-5010.0,0.9573999999999999
NQ,Slow,2019-05-20 15:35:00,2019-06-03 15:30:00,9366.5,8967.25,2.0,-15970.0,242650.0,-0.3194,2.4265,-0.1597,335.9166666666667,LE.Slow.C,LX.V140.Slow.C,18150.0,-3610.0,0.1002
NQ,Fast,2019-05-20 15:50:00,2019-05-21 15:50:00,9373.75,9432.5,2.0,2350.0,245000.0,0.047,2.45,-0.1362,24.0,LE1.Fast.C,LX1.Fast.C,120.0,-3320.0,0.718
NQ,Fast,2019-05-23 15:50:00,2019-05-30 15:50:00,9286.0,9224.75,2.0,-2450.0,242550.0,-0.049,2.4255,-0.1607,168.0,LE2.Fast.C,LX2.Fast.C,5250.0,-2610.0,0.35619999999999996
NQ,Fast,2019-05-31 15:50:00,2019-06-03 15:50:00,9105.75,8974.25,2.0,-5260.0,237290.0,-0.1052,2.3729,-0.2133,72.0,LE2.Fast.C,LX2.V140.Fast.C,7720.0,-200.0,0.3106
NQ,Slow,2019-06-11 15:35:00,2019-06-12 15:35:00,9489.5,9445.75,2.0,-1750.0,235540.0,-0.035,2.3554,-0.2308,24.0,LE.Slow.C,LX1.Slow.C,2280.0,-520.0,0.1893
NQ,Slow,2019-06-25 15:35:00,2019-06-27 15:20:00,9574.5,9636.25,2.0,2470.0,238010.0,0.0494,2.3801,-0.2061,47.75,LE.Slow.C,LX1.Slow.C,510.0,-3600.0,0.7251000000000001
NQ,Fast,2019-06-25 15:50:00,2019-06-26 15:00:00,9577.25,9604.25,2.0,1080.0,239090.0,0.0216,2.3909,-0.1953,23.166666666666668,LE2.Fast.C,LX.Gap.Fast.C,620.0,-3490.0,0.41359999999999997
NQ,Fast,2019-06-26 15:50:00,2019-06-27 15:50:00,9589.5,9635.5,2.0,1840.0,240930.0,0.0368,2.4093,-0.1769,24.0,LE2.Fast.C,LX2.Fast.C,130.0,-2900.0,0.6502
NQ,Slow,2019-07-17 15:35:00,2019-07-22 15:30:00,9831.75,9873.25,2.0,1660.0,242590.0,0.0332,2.4259,-0.1603,119.91666666666667,LE.Slow.C,LX1.Slow.C,2840.0,-3780.0,0.6798000000000001
NQ,Fast,2019-07-17 15:50:00,2019-07-18 15:50:00,9824.25,9893.25,2.0,2760.0,245350.0,0.0552,2.4535,-0.1327,24.0,LE2.Fast.C,LX2.Fast.C,1830.0,-2930.0,0.9643
NQ,Fast,2019-07-19 15:50:00,2019-07-22 15:00:00,9782.75,9863.0,2.0,3210.0,248560.0,0.0642,2.4856,-0.1006,71.16666666666667,LE2.Fast.C,LX1.Open.Fast.C,880.0,-3970.0,0.8432999999999999
NQ,Slow,2019-08-02 15:30:00,2019-08-08 15:35:00,9647.5,9681.5,2.0,1360.0,249920.0,0.0272,2.4992,-0.087,144.08333333333334,LE.Slow.C,LX1.Slow.C,19100.0,-1430.0,0.9965999999999999
NQ,Fast,2019-08-02 15:50:00,2019-08-06 15:50:00,9651.5,9466.0,2.0,-7420.0,242500.0,-0.1484,2.425,-0.1612,96.0,LE2.Fast.C,LX2.Fast.C,19260.0,-150.0,0.61
NQ,Slow,2019-08-12 15:35:00,2019-08-13 15:20:00,9511.75,9694.75,2.0,7320.0,249820.0,0.1464,2.4982,-0.088,23.75,LE.Slow.C,LX1.Slow.C,2090.0,-8930.0,0.8539
NQ,Fast,2019-08-12 15:50:00,2019-08-13 15:50:00,9513.5,9699.0,2.0,7420.0,257240.0,0.1484,2.5724,-0.0138,24.0,LE1.Fast.C,LX1.Fast.C,2160.0,-8860.0,0.8693000000000001
NQ,Slow,2019-08-14 15:35:00,2019-08-16 15:35:00,9434.5,9558.25,2.0,4950.0,262190.0,0.099,2.6219,0.0,48.0,LE.Slow.C,LX1.Slow.C,4030.0,-5740.0,0.9190999999999999
NQ,Fast,2019-08-14 15:50:00,2019-08-15 15:50:00,9430.0,9444.75,2.0,590.0,262780.0,0.0118,2.6278,0.0,24.0,LE2.Fast.C,LX2.Fast.C,3850.0,-3530.0,0.6015999999999999
NQ,Slow,2019-08-20 15:20:00,2019-08-21 15:35:00,9613.5,9697.0,2.0,3340.0,266120.0,0.0668,2.6612,0.0,24.25,LE.Slow.C,LX1.Slow.C,630.0,-3910.0,0.8744
NQ,Fast,2019-08-20 15:50:00,2019-08-21 15:50:00,9602.25,9701.0,2.0,3950.0,270070.0,0.079,2.7007,0.0,24.0,LE2.Fast.C,LX2.Fast.C,180.0,-4360.0,0.9097
NQ,Slow,2019-09-03 15:35:00,2019-09-04 15:35:00,9562.5,9668.0,2.0,4220.0,274290.0,0.0844,2.7429,0.0,24.0,LE.Slow.C,LX1.Slow.C,340.0,-4520.0,0.9383
NQ,Fast,2019-09-03 15:50:00,2019-09-04 15:50:00,9563.5,9671.0,2.0,4300.0,278590.0,0.086,2.7859,0.0,24.0,LE2.Fast.C,LX2.Fast.C,380.0,-4480.0,0.963
NQ,Slow,2019-09-20 15:35:00,2019-09-30 15:35:00,9756.5,9712.0,2.0,-1780.0,276810.0,-0.0356,2.7681,-0.0178,240.0,LE.Slow.C,LX1.Slow.C,7640.0,-2910.0,0.5555
NQ,Fast,2019-09-20 15:50:00,2019-09-23 15:00:00,9753.5,9771.75,2.0,730.0,277540.0,0.0146,2.7754,-0.0105,71.16666666666667,LE2.Fast.C,LX1.Open.Fast.C,850.0,-2740.0,0.4401
NQ,Fast,2019-09-24 15:50:00,2019-09-25 15:50:00,9662.5,9746.5,2.0,3360.0,280900.0,0.0672,2.809,0.0,24.0,LE2.Fast.C,LX2.Fast.C,3000.0,-4250.0,0.8772
NQ,Slow,2019-10-01 15:35:00,2019-10-03 15:35:00,9621.5,9581.25,2.0,-1610.0,279290.0,-0.0322,2.7929,-0.0161,48.0,LE.Slow.C,LX1.Slow.C,8910.0,-1340.0,0.7121999999999999
NQ,Fast,2019-10-02 15:50:00,2019-10-03 15:50:00,9470.5,9581.25,2.0,4430.0,283720.0,0.0886,2.8372,0.0,24.0,LE2.Fast.C,LX2.Fast.C,2870.0,-4560.0,0.9825
NQ,Slow,2019-10-08 15:35:00,2019-10-09 15:35:00,9544.0,9625.5,2.0,3260.0,286980.0,0.0652,2.8698,0.0,24.0,LE.Slow.C,LX1.Slow.C,600.0,-4500.0,0.7569
NQ,Fast,2019-10-08 15:50:00,2019-10-09 15:50:00,9544.0,9628.75,2.0,3390.0,290370.0,0.0678,2.9037,0.0,24.0,LE2.Fast.C,LX2.Fast.C,600.0,-4500.0,0.7824
NQ,Slow,2019-10-22 15:35:00,2019-10-24 15:20:00,9779.25,9854.25,2.0,3000.0,293370.0,0.06,2.9337,0.0,47.75,LE.Slow.C,LX1.Slow.C,1780.0,-5170.0,0.6878
NQ,Fast,2019-10-22 15:50:00,2019-10-23 15:55:00,9767.0,9831.5,2.0,2580.0,295950.0,0.0516,2.9595,0.0,24.083333333333332,LE2.Fast.C,LX2.Fast.C,1290.0,-3030.0,0.8957999999999999
NQ,Fast,2019-10-24 15:50:00,2019-10-25 15:50:00,9849.75,9961.25,2.0,4460.0,300410.0,0.0892,3.0041,0.0,24.0,LE2.Fast.C,LX2.Fast.C,270.0,-4650.0,0.9614
NQ,Slow,2019-10-29 15:35:00,2019-10-30 15:20:00,9980.25,10035.75,2.0,2220.0,302630.0,0.0444,3.0263,0.0,23.75,LE.Slow.C,LX1.Slow.C,1410.0,-2340.0,0.968
NQ,Slow,2019-11-21 15:35:00,2019-11-25 15:20:00,10198.25,10300.0,2.0,4070.0,306700.0,0.0814,3.067,0.0,95.75,LE.Slow.C,LX1.Slow.C,1620.0,-4150.0,0.9861
NQ,Fast,2019-11-21 15:50:00,2019-11-22 15:50:00,10200.5,10204.5,2.0,160.0,306860.0,0.0032,3.0686,0.0,24.0,LE1.Fast.C,LX1.Fast.C,1710.0,-1500.0,0.5826
NQ,Slow,2019-12-02 15:35:00,2019-12-06 15:35:00,10240.75,10325.5,2.0,3390.0,310250.0,0.0678,3.1025,0.0,96.0,LE.Slow.C,LX1.Slow.C,5920.0,-3730.0,0.9648
NQ,Fast,2019-12-02 15:50:00,2019-12-04 15:50:00,10236.75,10220.0,2.0,-670.0,309580.0,-0.0134,3.0958,-0.0067,48.0,LE2.Fast.C,LX2.Fast.C,5760.0,-1010.0,0.7518
NQ,Slow,2019-12-09 15:20:00,2019-12-10 15:35:00,10280.5,10288.75,2.0,330.0,309910.0,0.0066,3.0991,-0.0034,24.25,LE.Slow.C,LX1.Slow.C,2360.0,-1680.0,0.6658
NQ,Fast,2019-12-09 15:50:00,2019-12-10 15:00:00,10274.25,10272.5,2.0,-70.0,309840.0,-0.0014,3.0984,-0.0041,23.166666666666668,LE2.Fast.C,LX.Gap.Fast.C,2110.0,-1930.0,0.505
NQ,Fast,2019-12-10 15:50:00,2019-12-11 15:50:00,10289.75,10331.25,2.0,1660.0,311500.0,0.0332,3.115,0.0,24.0,LE2.Fast.C,LX2.Fast.C,810.0,-1830.0,0.9356
NQ,Slow,2020-01-22 15:35:00,2020-01-23 15:35:00,11097.0,11149.75,1.0,1055.0,312555.0,0.0211,3.12555,0.0,24.0,LE.Slow.C,LX1.Slow.C,905.0,-1130.0,0.9631000000000001
NQ,Fast,2020-01-22 15:50:00,2020-01-23 15:50:00,11085.0,11149.75,1.0,1295.0,313850.0,0.0259,3.1385,0.0,24.0,LE2.Fast.C,LX2.Fast.C,665.0,-1370.0,0.9631000000000001
NQ,Slow,2020-01-27 15:35:00,2020-01-30 15:35:00,10855.5,11118.75,1.0,5265.0,319115.0,0.1053,3.19115,0.0,72.0,LE.Slow.C,LX1.Slow.C,60.0,-5355.0,0.9834
NQ,Slow,2020-03-05 15:35:00,2020-03-11 15:35:00,10554.75,9907.0,1.0,-12955.0,306160.0,-0.2591,3.0616,-0.12955,144.0,LE.Slow.C,LX.V140.Slow.C,16810.0,-1435.0,0.2113
NQ,Fast,2020-03-05 15:50:00,2020-03-10 15:50:00,10565.25,10226.5,1.0,-6775.0,299385.0,-0.1355,2.99385,-0.1973,120.0,LE2.Fast.C,LX2.Fast.C,17020.0,-1225.0,0.5615
NQ,Slow,2020-04-01 15:35:00,2020-04-02 15:35:00,9351.25,9541.0,1.0,3795.0,303180.0,0.0759,3.0318,-0.15935,24.0,LE.Slow.C,LX1.Slow.C,1275.0,-4330.0,0.9045000000000001
NQ,Fast,2020-04-01 15:50:00,2020-04-02 15:50:00,9375.25,9537.0,1.0,3235.0,306415.0,0.0647,3.06415,-0.127,24.0,LE1.Fast.C,LX1.Fast.C,1755.0,-3850.0,0.8903
NQ,Slow,2020-04-07 15:35:00,2020-04-08 15:35:00,9926.25,10100.75,1.0,3490.0,309905.0,0.0698,3.09905,-0.0921,24.0,LE.Slow.C,LX1.Slow.C,1230.0,-4545.0,0.8173
NQ,Fast,2020-04-07 15:50:00,2020-04-08 15:50:00,9908.5,10116.0,1.0,4150.0,314055.0,0.083,3.14055,-0.0506,24.0,LE2.Fast.C,LX2.Fast.C,875.0,-4900.0,0.8701000000000001
NQ,Slow,2020-04-20 15:35:00,2020-04-24 15:30:00,10609.75,10679.5,1.0,1395.0,315450.0,0.0279,3.1545,-0.03665,95.91666666666667,LE.Slow.C,LX1.Slow.C,7125.0,-1765.0,0.9584
NQ,Fast,2020-04-21 15:50:00,2020-04-22 15:50:00,10334.0,10543.0,1.0,4180.0,319630.0,0.0836,3.1963,0.0,24.0,LE2.Fast.C,LX2.Fast.C,450.0,-5550.0,0.7717
NQ,Fast,2020-04-23 15:50:00,2020-04-24 15:50:00,10520.25,10679.5,1.0,3185.0,322815.0,0.0637,3.22815,0.0,24.0,LE2.Fast.C,LX2.Fast.C,2210.0,-3430.0,0.9566
NQ,Fast,2020-04-28 15:50:00,2020-04-29 15:50:00,10618.0,11013.75,1.0,7915.0,330730.0,0.1583,3.3073,0.0,24.0,LE2.Fast.C,LX2.Fast.C,195.0,-8050.0,0.9836
NQ,Fast,2020-04-30 15:50:00,2020-05-04 15:50:00,10782.5,10714.0,1.0,-1370.0,329360.0,-0.0274,3.2936,-0.0137,96.0,LE2.Fast.C,LX2.Fast.C,6295.0,-285.0,0.7484999999999999
NQ,Slow,2020-05-06 15:35:00,2020-05-07 15:35:00,10863.5,11019.75,1.0,3125.0,332485.0,0.0625,3.32485,0.0,24.0,LE.Slow.C,LX1.Slow.C,435.0,-3480.0,0.9093000000000001
NQ,Fast,2020-05-06 15:50:00,2020-05-07 15:00:00,10858.25,10996.0,1.0,2755.0,335240.0,0.0551,3.3524,0.0,23.166666666666668,LE2.Fast.C,LX.Gap.Fast.C,330.0,-3585.0,0.7879999999999999
NQ,Fast,2020-05-12 15:50:00,2020-05-14 15:00:00,10953.75,10989.5,1.0,715.0,335955.0,0.0143,3.35955,0.0,47.166666666666664,LE2.Fast.C,LX2.Open.Fast.C,3905.0,-3210.0,0.6493000000000001
NQ,Slow,2020-05-13 15:35:00,2020-05-18 15:35:00,10908.75,11235.75,1.0,6540.0,342495.0,0.1308,3.42495,0.0,120.0,LE.Slow.C,LX1.Slow.C,3005.0,-7285.0,0.9276000000000001
NQ,Slow,2020-05-21 15:35:00,2020-05-22 15:35:00,11267.0,11318.25,1.0,1025.0,343520.0,0.0205,3.4352,0.0,24.0,LE.Slow.C,LX1.Slow.C,2280.0,-1245.0,0.9376000000000001
NQ,Fast,2020-05-21 15:50:00,2020-05-22 15:50:00,11271.25,11331.0,1.0,1195.0,344715.0,0.0239,3.44715,0.0,24.0,LE2.Fast.C,LX2.Fast.C,2365.0,-1255.0,0.9834
NQ,Slow,2020-05-26 15:35:00,2020-05-27 15:35:00,11318.75,11345.75,1.0,540.0,345255.0,0.0108,3.45255,0.0,24.0,LE.Slow.C,LX1.Slow.C,4695.0,-2015.0,0.7802
NQ,Slow,2020-06-12 15:35:00,2020-06-16 15:35:00,11558.75,11883.5,1.0,6495.0,351750.0,0.1299,3.5175,0.0,96.0,LE.Slow.C,LX1.Slow.C,5300.0,-7370.0,0.9309000000000001
NQ,Fast,2020-06-12 15:50:00,2020-06-15 15:00:00,11564.25,11671.5,1.0,2145.0,353895.0,0.0429,3.53895,0.0,71.16666666666667,LE2.Fast.C,LX1.Open.Fast.C,5410.0,-3185.0,0.879
NQ,Slow,2020-06-19 15:35:00,2020-06-22 15:35:00,11849.5,12053.5,1.0,4080.0,357975.0,0.0816,3.57975,0.0,72.0,LE.Slow.C,LX1.Slow.C,1610.0,-4155.0,0.987
NQ,Fast,2020-06-19 15:50:00,2020-06-22 15:00:00,11865.75,12034.75,1.0,3380.0,361355.0,0.0676,3.61355,0.0,71.16666666666667,LE2.Fast.C,LX1.Open.Fast.C,1935.0,-3580.0,0.9637
NQ,Fast,2020-06-24 15:50:00,2020-06-25 15:50:00,11926.5,12018.75,1.0,1845.0,363200.0,0.0369,3.632,0.0,24.0,LE2.Fast.C,LX2.Fast.C,2310.0,-2120.0,0.9379000000000001
NQ,Slow,2020-07-23 15:35:00,2020-07-27 15:35:00,12467.75,12600.5,1.0,2655.0,365855.0,0.0531,3.65855,0.0,96.0,LE.Slow.C,LX1.Slow.C,4825.0,-2795.0,0.9815999999999999
NQ,Fast,2020-07-23 15:50:00,2020-07-27 15:00:00,12476.0,12586.75,1.0,2215.0,368070.0,0.0443,3.6807,0.0,95.16666666666667,LE2.Fast.C,LX1.Open.Fast.C,4990.0,-2580.0,0.9518000000000001
NQ,Slow,2020-08-11 15:35:00,2020-08-12 15:35:00,12814.0,13052.0,1.0,4760.0,372830.0,0.0952,3.7283,0.0,24.0,LE.Slow.C,LX1.Slow.C,200.0,-5945.0,0.8072
NQ,Slow,2020-09-08 15:35:00,2020-09-14 15:35:00,12983.25,13207.75,1.0,4490.0,377320.0,0.0898,3.7732,0.0,144.0,LE.Slow.C,LX1.Slow.C,2450.0,-10185.0,0.5493
NQ,Fast,2020-09-08 15:50:00,2020-09-09 15:50:00,12972.75,13296.5,1.0,6475.0,383795.0,0.1295,3.83795,0.0,24.0,LE2.Fast.C,LX2.Fast.C,2240.0,-8630.0,0.8017
NQ,Fast,2020-09-11 15:50:00,2020-09-14 15:00:00,12986.75,13209.75,1.0,4460.0,388255.0,0.0892,3.88255,0.0,71.16666666666667,LE2.Fast.C,LX1.Open.Fast.C,20.0,-6020.0,0.7417
NQ,Fast,2020-09-16 15:50:00,2020-09-21 15:50:00,13198.0,12942.25,1.0,-5115.0,383140.0,-0.1023,3.8314,-0.05115,120.0,LE2.Fast.C,LX2.Fast.C,12060.0,-580.0,0.5494
NQ,Slow,2020-09-17 15:35:00,2020-09-22 15:35:00,13013.75,13093.5,1.0,1595.0,384735.0,0.0319,3.84735,-0.0352,120.0,LE.Slow.C,LX1.Slow.C,8375.0,-2315.0,0.9326000000000001
NQ,Slow,2020-10-02 15:35:00,2020-10-05 15:35:00,13174.75,13407.5,1.0,4655.0,389390.0,0.0931,3.8939,0.0,72.0,LE.Slow.C,LX1.Slow.C,0.0,-5225.0,0.8909
NQ,Slow,2020-10-06 15:35:00,2020-10-07 15:35:00,13201.0,13412.5,1.0,4230.0,393620.0,0.0846,3.9362,0.0,24.0,LE.Slow.C,LX1.Slow.C,1300.0,-4880.0,0.8948
NQ,Fast,2020-10-14 15:50:00,2020-10-16 15:00:00,13893.25,13784.75,1.0,-2170.0,391450.0,-0.0434,3.9145,-0.0217,47.166666666666664,LE1.Fast.C,LX.Gap.Fast.C,4365.0,-1345.0,0.38439999999999996
NQ,Slow,2020-10-16 15:35:00,2020-11-03 15:35:00,13740.0,13170.25,1.0,-11395.0,380055.0,-0.2279,3.80055,-0.13565,432.0,LE.Slow.C,LX1.Slow.C,17185.0,-2980.0,0.2871
NQ,Fast,2020-10-16 15:50:00,2020-10-19 15:00:00,13742.25,13535.75,1.0,-4130.0,375925.0,-0.0826,3.75925,-0.17695,71.16666666666667,LE1.Fast.C,LX.Gap.Fast.C,4250.0,-2935.0,0.0167
NQ,Fast,2020-10-19 15:50:00,2020-10-23 15:50:00,13624.75,13606.5,1.0,-365.0,375560.0,-0.0073,3.7556,-0.1806,96.0,LE2.Fast.C,LX2.Fast.C,3505.0,-2115.0,0.5587
NQ,Fast,2020-10-29 15:50:00,2020-11-02 15:00:00,13195.0,12984.5,1.0,-4210.0,371350.0,-0.0842,3.7135,-0.2227,95.16666666666667,LE1.Fast.C,LX.Gap.Fast.C,6285.0,-495.0,0.306
NQ,Fast,2020-11-02 15:50:00,2020-11-03 15:00:00,13006.25,13260.25,1.0,5080.0,376430.0,0.1016,3.7643,-0.1719,23.166666666666668,LE2.Fast.C,LX.Gap.Fast.C,115.0,-5585.0,0.9114
NQ,Slow,2020-11-18 15:35:00,2020-11-19 15:35:00,13822.0,13921.0,1.0,1980.0,378410.0,0.0396,3.7841,-0.1521,24.0,LE.Slow.C,LX1.Slow.C,1580.0,-2330.0,0.9105
NQ,Fast,2020-11-18 15:50:00,2020-11-19 15:50:00,13815.25,13910.5,1.0,1905.0,380315.0,0.0381,3.80315,-0.13305,24.0,LE2.Fast.C,LX2.Fast.C,1445.0,-2465.0,0.8568000000000001
NQ,Slow,2020-11-20 15:35:00,2020-11-24 15:20:00,13823.5,14017.25,1.0,3875.0,384190.0,0.0775,3.8419,-0.0943,95.75,LE.Slow.C,LX1.Slow.C,1535.0,-4200.0,0.9433
NQ,Fast,2020-11-20 15:50:00,2020-11-23 15:50:00,13835.75,13855.25,1.0,390.0,384580.0,0.0078,3.8458,-0.0904,72.0,LE2.Fast.C,LX2.Fast.C,1780.0,-2090.0,0.5607
NQ,Slow,2020-12-30 15:35:00,2020-12-31 15:35:00,14775.75,14816.0,1.0,805.0,385385.0,0.0161,3.85385,-0.08235,24.0,LE.Slow.C,LX1.Slow.C,800.0,-1190.0,0.8065000000000001
NQ,Slow,2021-01-15 15:35:00,2021-01-19 15:35:00,14709.5,14946.25,1.0,4735.0,390120.0,0.0947,3.9012,-0.035,96.0,LE.Slow.C,LX1.Slow.C,865.0,-4755.0,0.9964
NQ,Fast,2021-01-15 15:50:00,2021-01-19 15:00:00,14707.75,14934.75,1.0,4540.0,394660.0,0.0908,3.9466,0.0,95.16666666666667,LE2.Fast.C,LX1.Open.Fast.C,830.0,-4760.0,0.9606
NQ,Slow,2021-01-28 15:35:00,2021-02-01 15:35:00,15122.5,15152.75,1.0,605.0,395265.0,0.0121,3.95265,0.0,96.0,LE.Slow.C,LX1.Slow.C,9120.0,-1765.0,0.8934000000000001
NQ,Fast,2021-01-28 15:50:00,2021-02-01 15:00:00,15099.25,15206.75,1.0,2150.0,397415.0,0.043,3.97415,0.0,95.16666666666667,LE2.Fast.C,LX1.Open.Fast.C,8655.0,-2230.0,0.9926999999999999
NQ,Slow,2021-02-22 15:35:00,2021-02-23 15:35:00,15157.25,15097.25,1.0,-1200.0,396215.0,-0.024,3.96215,-0.012,24.0,LE.Slow.C,LX.V140.Slow.C,9215.0,-2355.0,0.6927
NQ,Fast,2021-02-22 15:50:00,2021-02-23 15:50:00,15157.5,15098.0,1.0,-1190.0,395025.0,-0.0238,3.95025,-0.0239,24.0,LE2.Fast.C,LX2.Fast.C,9220.0,-2350.0,0.6940000000000001
NQ,Slow,2021-03-10 15:35:00,2021-03-11 15:35:00,14715.75,14995.25,1.0,5590.0,400615.0,0.1118,4.00615,0.0,24.0,LE.Slow.C,LX1.Slow.C,1015.0,-6885.0,0.8361
NQ,Fast,2021-03-10 15:50:00,2021-03-11 15:00:00,14720.5,14998.0,1.0,5550.0,406165.0,0.111,4.06165,0.0,23.166666666666668,LE1.Fast.C,LX.Gap.Fast.C,1110.0,-6790.0,0.843
NQ,Fast,2021-03-18 15:50:00,2021-03-19 15:50:00,14755.75,14777.75,1.0,440.0,406605.0,0.0088,4.06605,0.0,24.0,LE2.Fast.C,LX2.Fast.C,2490.0,-1840.0,0.6767
NQ,Slow,2021-03-24 15:35:00,2021-03-26 15:35:00,14751.75,14908.5,1.0,3135.0,409740.0,0.0627,4.0974,0.0,48.0,LE.Slow.C,LX1.Slow.C,3850.0,-3725.0,0.9220999999999999
NQ,Fast,2021-03-24 15:50:00,2021-03-26 15:00:00,14745.75,14851.75,1.0,2120.0,411860.0,0.0424,4.1186,0.0,47.166666666666664,LE2.Fast.C,LX2.Open.Fast.C,3730.0,-2125.0,0.9991
NQ,Slow,2021-04-20 15:35:00,2021-04-23 15:35:00,15695.75,15865.5,1.0,3395.0,415255.0,0.0679,4.15255,0.0,72.0,LE.Slow.C,LX1.Slow.C,915.0,-4695.0,0.7683
NQ,Fast,2021-04-20 15:50:00,2021-04-21 15:50:00,15686.0,15842.0,1.0,3120.0,418375.0,0.0624,4.18375,0.0,24.0,LE2.Fast.C,LX2.Fast.C,720.0,-3800.0,0.8495999999999999
NQ,Slow,2021-05-03 15:35:00,2021-05-04 15:35:00,15733.75,15472.25,1.0,-5230.0,413145.0,-0.1046,4.13145,-0.0523,24.0,LE.Slow.C,LX.V140.Slow.C,8070.0,-165.0,0.34490000000000004
NQ,Fast,2021-05-03 15:50:00,2021-05-04 15:50:00,15734.0,15469.25,1.0,-5295.0,407850.0,-0.1059,4.0785,-0.10525,24.0,LE2.Fast.C,LX2.V140.Fast.C,8075.0,-160.0,0.33759999999999996
NQ,Slow,2021-05-05 15:35:00,2021-05-06 15:35:00,15445.25,15546.75,1.0,2030.0,409880.0,0.0406,4.0988,-0.08495,24.0,LE.Slow.C,LX1.Slow.C,2140.0,-2315.0,0.9359999999999999
NQ,Fast,2021-05-05 15:50:00,2021-05-06 15:50:00,15442.75,15545.25,1.0,2050.0,411930.0,0.041,4.1193,-0.06445,24.0,LE2.Fast.C,LX2.Fast.C,2090.0,-2365.0,0.9293
NQ,Slow,2021-05-10 15:35:00,2021-05-14 15:35:00,15291.25,15344.0,1.0,1055.0,412985.0,0.0211,4.12985,-0.0539,96.0,LE.Slow.C,LX1.Slow.C,8535.0,-1690.0,0.9379000000000001
NQ,Fast,2021-05-10 15:50:00,2021-05-14 15:00:00,15287.75,15369.25,1.0,1630.0,414615.0,0.0326,4.14615,-0.0376,95.16666666666667,LE2.Fast.C,LX1.Open.Fast.C,8465.0,-1760.0,0.9873000000000001
NQ,Slow,2021-05-28 15:35:00,2021-06-04 15:35:00,15643.0,15710.0,1.0,1340.0,415955.0,0.0268,4.15955,-0.0242,168.0,LE.Slow.C,LX1.Slow.C,4625.0,-1805.0,0.9277
NQ,Fast,2021-05-28 15:50:00,2021-06-04 15:50:00,15639.0,15710.75,1.0,1435.0,417390.0,0.0287,4.1739,-0.00985,168.0,LE2.Fast.C,LX2.Fast.C,4545.0,-1885.0,0.93
NQ,Slow,2021-06-09 15:35:00,2021-06-10 15:35:00,15766.5,15912.5,1.0,2920.0,420310.0,0.0584,4.2031,0.0,24.0,LE.Slow.C,LX1.Slow.C,1805.0,-3120.0,0.9594
NQ,Fast,2021-06-09 15:50:00,2021-06-10 15:50:00,15764.5,15920.75,1.0,3125.0,423435.0,0.0625,4.23435,0.0,24.0,LE2.Fast.C,LX2.Fast.C,1765.0,-3160.0,0.9929000000000001
NQ,Slow,2021-06-25 15:35:00,2021-06-28 15:20:00,16285.75,16463.25,1.0,3550.0,426985.0,0.071,4.26985,0.0,71.75,LE.Slow.C,LX1.Slow.C,30.0,-3880.0,0.9156
NQ,Fast,2021-06-25 15:50:00,2021-06-28 15:00:00,16289.0,16477.0,1.0,3760.0,430745.0,0.0752,4.30745,0.0,71.16666666666667,LE2.Fast.C,LX1.Open.Fast.C,0.0,-3815.0,0.9856
NQ,Slow,2021-07-14 15:20:00,2021-07-20 15:20:00,16862.0,16684.5,1.0,-3550.0,427195.0,-0.071,4.27195,-0.0355,144.0,LE.Slow.C,LX1.Slow.C,9140.0,-1215.0,0.5398
NQ,Fast,2021-07-14 15:50:00,2021-07-20 15:50:00,16863.0,16683.0,1.0,-3600.0,423595.0,-0.072,4.23595,-0.0715,144.0,LE2.Fast.C,LX2.Fast.C,9160.0,-1195.0,0.5368999999999999
NQ,Slow,2021-07-29 15:20:00,2021-08-02 15:20:00,16939.25,16924.75,1.0,-290.0,423305.0,-0.0058,4.23305,-0.0744,96.0,LE.Slow.C,LX1.Slow.C,3360.0,-1540.0,0.6265
NQ,Fast,2021-07-29 15:50:00,2021-07-30 15:50:00,16877.25,16924.5,1.0,945.0,424250.0,0.0189,4.2425,-0.06495,24.0,LE2.Fast.C,LX2.Fast.C,2120.0,-1255.0,0.9081
NQ,Fast,2021-08-02 15:50:00,2021-08-03 15:50:00,16917.5,16999.25,1.0,1635.0,425885.0,0.0327,4.25885,-0.0486,24.0,LE2.Fast.C,LX2.Fast.C,2170.0,-1850.0,0.9465
NQ,Slow,2021-08-11 15:20:00,2021-08-12 15:20:00,16969.75,17034.5,1.0,1295.0,427180.0,0.0259,4.2718,-0.03565,24.0,LE.Slow.C,LX1.Slow.C,1370.0,-1615.0,0.8928
NQ,Fast,2021-08-11 15:50:00,2021-08-12 15:50:00,16971.25,17035.75,1.0,1290.0,428470.0,0.0258,4.2847,-0.02275,24.0,LE2.Fast.C,LX2.Fast.C,1400.0,-1585.0,0.9012
NQ,Slow,2021-08-18 15:20:00,2021-08-20 15:20:00,16811.75,17052.0,1.0,4805.0,433275.0,0.0961,4.33275,0.0,48.0,LE.Slow.C,LX1.Slow.C,2825.0,-4965.0,0.9795
NQ,Fast,2021-08-18 15:50:00,2021-08-19 15:50:00,16787.0,16899.75,1.0,2255.0,435530.0,0.0451,4.3553,0.0,24.0,LE2.Fast.C,LX2.Fast.C,2330.0,-3440.0,0.7946
NQ,Slow,2021-08-26 15:20:00,2021-08-27 15:20:00,17232.25,17382.75,1.0,3010.0,438540.0,0.0602,4.3854,0.0,24.0,LE.Slow.C,LX1.Slow.C,135.0,-3430.0,0.8822
NQ,Slow,2021-09-02 15:20:00,2021-09-03 15:20:00,17553.5,17613.25,1.0,1195.0,439735.0,0.0239,4.39735,0.0,24.0,LE.Slow.C,LX1.Slow.C,825.0,-1680.0,0.8064
NQ,Fast,2021-09-02 15:50:00,2021-09-03 15:50:00,17558.75,17612.25,1.0,1070.0,440805.0,0.0214,4.40805,0.0,24.0,LE2.Fast.C,LX2.Fast.C,930.0,-1575.0,0.7984
NQ,Slow,2021-09-10 15:20:00,2021-09-15 15:20:00,17415.25,17468.5,1.0,1065.0,441870.0,0.0213,4.4187,0.0,120.0,LE.Slow.C,LX1.Slow.C,2770.0,-2225.0,0.7678
NQ,Fast,2021-09-10 15:50:00,2021-09-15 15:50:00,17414.5,17478.25,1.0,1275.0,443145.0,0.0255,4.43145,0.0,120.0,LE2.Fast.C,LX2.Fast.C,2755.0,-2240.0,0.8068000000000001
NQ,Slow,2021-09-21 15:20:00,2021-09-23 15:20:00,16951.5,17278.0,1.0,6530.0,449675.0,0.1306,4.49675,0.0,48.0,LE.Slow.C,LX1.Slow.C,1040.0,-7290.0,0.9087999999999999
NQ,Fast,2021-09-21 15:50:00,2021-09-22 15:50:00,16954.5,17142.75,1.0,3765.0,453440.0,0.0753,4.5344,0.0,24.0,LE2.Fast.C,LX2.Fast.C,1100.0,-4830.0,0.8204
NQ,Slow,2021-09-29 15:20:00,2021-10-06 15:20:00,16742.25,16728.5,1.0,-275.0,453165.0,-0.0055,4.53165,-0.00275,168.0,LE.Slow.C,LX1.Slow.C,8110.0,-2205.0,0.7595999999999999
NQ,Fast,2021-09-29 15:50:00,2021-10-01 15:00:00,16732.5,16772.5,1.0,800.0,453965.0,0.016,4.53965,0.0,47.166666666666664,LE2.Fast.C,LX2.Open.Fast.C,4530.0,-2400.0,0.7691
NQ,Fast,2021-10-01 15:50:00,2021-10-05 15:50:00,16737.0,16618.75,1.0,-2365.0,451600.0,-0.0473,4.516,-0.02365,96.0,LE2.Fast.C,LX2.Fast.C,8005.0,-1340.0,0.6035
NQ,Slow,2021-10-08 15:20:00,2021-10-13 15:20:00,16771.5,16728.75,1.0,-855.0,450745.0,-0.0171,4.50745,-0.0322,120.0,LE.Slow.C,LX1.Slow.C,4340.0,-1895.0,0.5589
NQ,Fast,2021-10-08 15:50:00,2021-10-12 15:00:00,16772.5,16603.75,1.0,-3375.0,447370.0,-0.0675,4.4737,-0.06595,95.16666666666667,LE1.Fast.C,LX.Gap.Fast.C,4340.0,-1875.0,0.1553
NQ,Fast,2021-10-12 15:50:00,2021-10-13 15:00:00,16568.0,16728.0,1.0,3200.0,450570.0,0.064,4.5057,-0.03395,23.166666666666668,LE2.Fast.C,LX.Gap.Fast.C,160.0,-3935.0,0.8205
NQ,Fast,2021-10-21 15:50:00,2021-10-25 15:00:00,17343.25,17464.75,1.0,2430.0,453000.0,0.0486,4.53,-0.00965,95.16666666666667,LE2.Fast.C,LX1.Open.Fast.C,2010.0,-3340.0,0.8299
NQ,Slow,2021-10-27 15:20:00,2021-10-28 15:20:00,17567.75,17686.75,1.0,2380.0,455380.0,0.0476,4.5538,0.0,24.0,LE.Slow.C,LX1.Slow.C,345.0,-3565.0,0.6969
NQ,Fast,2021-10-27 15:50:00,2021-10-28 15:50:00,17552.0,17633.25,1.0,1625.0,457005.0,0.0325,4.57005,0.0,24.0,LE2.Fast.C,LX2.Fast.C,0.0,-3880.0,0.4188
NQ,Slow,2021-11-08 15:20:00,2021-11-10 15:20:00,18296.25,17949.0,1.0,-6945.0,450060.0,-0.1389,4.5006,-0.06945,48.0,LE.Slow.C,LX.V140.Slow.C,8615.0,-1290.0,0.1686
NQ,Fast,2021-11-08 15:50:00,2021-11-10 15:50:00,18294.0,17951.75,1.0,-6845.0,443215.0,-0.1369,4.43215,-0.1379,48.0,LE2.Fast.C,LX2.V140.Fast.C,8570.0,-1335.0,0.17420000000000002
NQ,Slow,2021-11-11 15:20:00,2021-11-12 15:20:00,18003.75,18164.5,1.0,3215.0,446430.0,0.0643,4.4643,-0.10575,24.0,LE.Slow.C,LX1.Slow.C,660.0,-3570.0,0.9161
NQ,Fast,2021-11-11 15:50:00,2021-11-12 15:50:00,18003.25,18171.5,1.0,3365.0,449795.0,0.0673,4.49795,-0.0721,24.0,LE2.Fast.C,LX2.Fast.C,650.0,-3580.0,0.9492
NQ,Slow,2021-12-06 15:20:00,2021-12-07 15:20:00,17802.0,18302.0,1.0,10000.0,459795.0,0.2,4.59795,0.0,24.0,LE.Slow.C,LX1.Slow.C,170.0,-10275.0,0.9737
NQ,Fast,2021-12-06 15:50:00,2021-12-07 15:50:00,17810.0,18342.5,1.0,10650.0,470445.0,0.213,4.70445,0.0,24.0,LE2.Fast.C,LX2.Fast.C,330.0,-10660.0,0.9991
NQ,Slow,2021-12-13 15:20:00,2021-12-15 15:20:00,18049.0,18250.75,1.0,4035.0,474480.0,0.0807,4.7448,0.0,48.0,LE.Slow.C,LX1.Slow.C,7000.0,-4320.0,0.9748
NQ,Fast,2021-12-13 15:50:00,2021-12-15 15:00:00,18051.5,18227.75,1.0,3525.0,478005.0,0.0705,4.78005,0.0,47.166666666666664,LE2.Fast.C,LX2.Open.Fast.C,7050.0,-3665.0,0.9869
NQ,Slow,2021-12-31 15:20:00,2022-01-03 15:20:00,18303.5,18459.25,1.0,3115.0,481120.0,0.0623,4.8112,0.0,72.0,LE.Slow.C,LX1.Slow.C,930.0,-3250.0,0.9677
NQ,Fast,2021-12-31 15:50:00,2022-01-03 15:00:00,18296.0,18448.75,1.0,3055.0,484175.0,0.0611,4.84175,0.0,71.16666666666667,LE2.Fast.C,LX1.Open.Fast.C,780.0,-3340.0,0.9308
NQ,Slow,2022-01-05 15:20:00,2022-01-10 15:20:00,17754.75,17565.0,1.0,-3795.0,480380.0,-0.0759,4.8038,-0.03795,120.0,LE.Slow.C,LX.V140.Slow.C,12745.0,-2120.0,0.6021
NQ,Fast,2022-01-05 15:50:00,2022-01-06 15:50:00,17730.0,17752.5,1.0,450.0,480830.0,0.009,4.8083,-0.03345,24.0,LE2.Fast.C,LX2.Fast.C,3330.0,-2615.0,0.6358
NQ,Fast,2022-01-07 15:50:00,2022-01-10 15:50:00,17541.5,17584.75,1.0,865.0,481695.0,0.0173,4.81695,-0.0248,72.0,LE2.Fast.C,LX2.Fast.C,8480.0,-1850.0,0.9046
NQ,Fast,2022-01-18 15:50:00,2022-01-21 15:50:00,17199.5,16392.25,1.0,-16145.0,465550.0,-0.3229,4.6555,-0.18625,72.0,LE2.Fast.C,LX2.V140.Fast.C,16520.0,-2750.0,0.0195
NQ,Slow,2022-02-14 15:20:00,2022-02-15 15:20:00,16225.25,16544.25,1.0,6380.0,471930.0,0.1276,4.7193,-0.12245,24.0,LE.Slow.C,LX1.Slow.C,740.0,-7090.0,0.9093000000000001
NQ,Fast,2022-02-14 15:50:00,2022-02-15 15:00:00,16218.5,16559.25,1.0,6815.0,478745.0,0.1363,4.78745,-0.0543,23.166666666666668,LE2.Fast.C,LX.Gap.Fast.C,605.0,-7215.0,0.9488
NQ,Slow,2022-02-18 15:20:00,2022-02-24 15:20:00,15984.5,15869.0,1.0,-2310.0,476435.0,-0.0462,4.76435,-0.0774,144.0,LE.Slow.C,LX.V140.Slow.C,19875.0,-2760.0,0.7759999999999999
NQ,Fast,2022-02-18 15:50:00,2022-02-24 15:50:00,15979.5,15863.5,1.0,-2320.0,474115.0,-0.0464,4.74115,-0.1006,144.0,LE2.Fast.C,LX2.Fast.C,19775.0,-2860.0,0.7712
NQ,Slow,2022-03-04 15:20:00,2022-03-09 15:20:00,15770.75,15692.0,1.0,-1575.0,472540.0,-0.0315,4.7254,-0.11635,120.0,LE.Slow.C,LX1.Slow.C,14050.0,-1480.0,0.8033
NQ,Fast,2022-03-04 15:50:00,2022-03-09 15:00:00,15773.25,15693.25,1.0,-1600.0,470940.0,-0.032,4.7094,-0.13235,119.16666666666667,LE1.Fast.C,LX.Gap.Fast.C,14100.0,-1430.0,0.8049
NQ,Slow,2022-03-14 15:20:00,2022-03-15 15:20:00,15048.0,15400.25,1.0,7045.0,477985.0,0.1409,4.77985,-0.0619,24.0,LE.Slow.C,LX1.Slow.C,2770.0,-8110.0,0.9020999999999999
NQ,Fast,2022-03-14 15:50:00,2022-03-15 15:00:00,15040.5,15432.25,1.0,7835.0,485820.0,0.1567,4.8582,0.0,23.166666666666668,LE2.Fast.C,LX.Gap.Fast.C,2620.0,-8260.0,0.9609000000000001
NQ,Slow,2022-04-06 15:20:00,2022-04-13 15:20:00,16471.5,16183.25,1.0,-5765.0,480055.0,-0.1153,4.80055,-0.05765,168.0,LE.Slow.C,LX1.Slow.C,12465.0,-2755.0,0.44020000000000004
NQ,Fast,2022-04-06 15:50:00,2022-04-07 15:50:00,16465.75,16495.25,1.0,590.0,480645.0,0.0118,4.80645,-0.05175,24.0,LE2.Fast.C,LX2.Fast.C,3635.0,-2700.0,0.6668999999999999
NQ,Fast,2022-04-08 15:50:00,2022-04-13 15:50:00,16300.25,16187.5,1.0,-2255.0,478390.0,-0.0451,4.7839,-0.0743,120.0,LE2.Fast.C,LX2.Fast.C,9040.0,-975.0,0.6775
NQ,Slow,2022-04-14 15:20:00,2022-04-19 15:20:00,15853.75,16033.5,1.0,3595.0,481985.0,0.0719,4.81985,-0.03835,120.0,LE.Slow.C,LX1.Slow.C,3145.0,-7105.0,0.6576000000000001
NQ,Fast,2022-04-14 15:50:00,2022-04-18 15:50:00,15854.5,15939.75,1.0,1705.0,483690.0,0.0341,4.8369,-0.0213,96.0,LE2.Fast.C,LX2.Fast.C,3160.0,-2300.0,0.8909999999999999
NQ,Slow,2022-04-21 15:20:00,2022-04-28 15:20:00,15682.25,15260.25,1.0,-8440.0,475250.0,-0.1688,4.7525,-0.1057,168.0,LE.Slow.C,LX1.Slow.C,18275.0,-1315.0,0.502
NQ,Fast,2022-04-21 15:50:00,2022-04-25 15:50:00,15690.5,15495.75,1.0,-3895.0,471355.0,-0.0779,4.71355,-0.14465,96.0,LE2.Fast.C,LX2.Fast.C,10790.0,-1150.0,0.5775
NQ,Slow,2022-05-12 15:20:00,2022-05-13 15:20:00,13887.5,14327.25,1.0,8795.0,480150.0,0.1759,4.8015,-0.0567,24.0,LE.Slow.C,LX1.Slow.C,1240.0,-10230.0,0.8748999999999999
NQ,Fast,2022-05-12 15:50:00,2022-05-13 15:00:00,13877.25,14327.25,1.0,9000.0,489150.0,0.18,4.8915,0.0,23.166666666666668,LE2.Fast.C,LX.Gap.Fast.C,1035.0,-10435.0,0.8748999999999999
NQ,Slow,2022-05-18 15:20:00,2022-05-23 15:20:00,13855.5,14019.25,1.0,3275.0,492425.0,0.0655,4.92425,0.0,120.0,LE.Slow.C,LX1.Slow.C,7945.0,-4165.0,0.9265000000000001
NQ,Fast,2022-05-18 15:50:00,2022-05-20 15:50:00,13848.5,13800.75,1.0,-955.0,491470.0,-0.0191,4.9147,-0.00955,48.0,LE2.Fast.C,LX2.Fast.C,7805.0,-4305.0,0.5656
NQ,Slow,2022-06-06 15:20:00,2022-06-07 15:20:00,14551.0,14661.75,1.0,2215.0,493685.0,0.0443,4.93685,0.0,24.0,LE.Slow.C,LX1.Slow.C,3430.0,-3125.0,0.8612000000000001
NQ,Fast,2022-06-06 15:50:00,2022-06-07 15:50:00,14566.0,14650.25,1.0,1685.0,495370.0,0.0337,4.9537,0.0,24.0,LE1.Fast.C,LX1.Fast.C,3730.0,-2825.0,0.8261
NQ,Slow,2022-06-13 15:20:00,2022-06-21 15:20:00,13296.0,13518.25,1.0,4445.0,499815.0,0.0889,4.99815,0.0,192.0,LE.Slow.C,LX1.Slow.C,5815.0,-8700.0,0.7069
NQ,Fast,2022-06-13 15:50:00,2022-06-15 15:00:00,13305.0,13557.75,1.0,5055.0,504870.0,0.1011,5.0487,0.0,47.166666666666664,LE2.Fast.C,LX2.Open.Fast.C,2645.0,-8520.0,0.6897
NQ,Fast,2022-06-15 15:50:00,2022-06-17 15:50:00,13569.5,13246.5,1.0,-6460.0,498410.0,-0.1292,4.9841,-0.0646,48.0,LE2.Fast.C,LX2.Fast.C,11285.0,-2830.0,0.3418
NQ,Slow,2022-06-28 15:20:00,2022-07-05 15:20:00,13613.0,13735.0,1.0,2440.0,500850.0,0.0488,5.0085,-0.0402,168.0,LE.Slow.C,LX1.Slow.C,6505.0,-2770.0,0.9643999999999999
NQ,Fast,2022-06-28 15:50:00,2022-07-01 15:50:00,13617.5,13548.0,1.0,-1390.0,499460.0,-0.0278,4.9946,-0.0541,72.0,LE2.Fast.C,LX2.Fast.C,6595.0,-1365.0,0.6539
NQ,Slow,2022-07-12 15:20:00,2022-07-15 15:20:00,13712.0,13951.5,1.0,4790.0,504250.0,0.0958,5.0425,-0.0062,72.0,LE.Slow.C,LX1.Slow.C,5920.0,-4925.0,0.9876
NQ,Fast,2022-07-12 15:50:00,2022-07-14 15:00:00,13716.5,13733.75,1.0,345.0,504595.0,0.0069,5.04595,-0.00275,47.166666666666664,LE2.Fast.C,LX2.Open.Fast.C,6010.0,-3805.0,0.6475
NQ,Fast,2022-07-25 15:50:00,2022-07-27 15:00:00,14267.75,14577.5,1.0,6195.0,510790.0,0.1239,5.1079,0.0,47.166666666666664,LE2.Fast.C,LX2.Open.Fast.C,5180.0,-7180.0,0.9203
NQ,Slow,2022-07-26 15:20:00,2022-07-27 15:20:00,14092.25,14503.25,1.0,8220.0,519010.0,0.1644,5.1901,0.0,24.0,LE.Slow.C,LX1.Slow.C,245.0,-10690.0,0.7741
NQ,Slow,2022-08-19 15:20:00,2022-08-25 15:20:00,15195.5,15076.25,1.0,-2385.0,516625.0,-0.0477,5.16625,-0.02385,144.0,LE.Slow.C,LX1.Slow.C,8705.0,-20.0,0.7243999999999999
NQ,Fast,2022-08-22 15:50:00,2022-08-24 15:00:00,14870.25,14884.5,1.0,285.0,516910.0,0.0057,5.1691,-0.021,47.166666666666664,LE2.Fast.C,LX2.Open.Fast.C,2200.0,-1700.0,0.6372
NQ,Fast,2022-08-24 15:50:00,2022-08-25 15:50:00,14888.25,15080.25,1.0,3840.0,520750.0,0.0768,5.2075,0.0,24.0,LE2.Fast.C,LX2.Fast.C,530.0,-4200.0,0.9239
NQ,Slow,2022-08-29 15:20:00,2022-09-07 15:20:00,14425.0,14190.5,1.0,-4690.0,516060.0,-0.0938,5.1606,-0.0469,216.0,LE.Slow.C,LX1.Slow.C,11335.0,-3400.0,0.451
NQ,Fast,2022-08-29 15:50:00,2022-09-01 15:50:00,14434.75,14223.75,1.0,-4220.0,511840.0,-0.0844,5.1184,-0.0891,72.0,LE2.Fast.C,LX2.Fast.C,9605.0,-3205.0,0.4204
NQ,Fast,2022-09-02 15:50:00,2022-09-07 15:50:00,14069.75,14201.75,1.0,2640.0,514480.0,0.0528,5.1448,-0.0627,120.0,LE2.Fast.C,LX2.Fast.C,4230.0,-3465.0,0.8928
NQ,Fast,2022-09-15 15:50:00,2022-09-19 15:00:00,13834.5,13881.5,1.0,940.0,515420.0,0.0188,5.1542,-0.0533,95.16666666666667,LE2.Fast.C,LX1.Open.Fast.C,3890.0,-1155.0,0.9573999999999999
NQ,Slow,2022-09-16 15:20:00,2022-09-19 15:20:00,13796.0,13899.25,1.0,2065.0,517485.0,0.0413,5.17485,-0.03265,72.0,LE.Slow.C,LX1.Slow.C,2845.0,-2635.0,0.8959999999999999
NQ,Slow,2022-09-21 15:20:00,2022-09-28 15:20:00,13558.75,13418.25,1.0,-2810.0,514675.0,-0.0562,5.14675,-0.06075,168.0,LE.Slow.C,LX1.Slow.C,11115.0,-1975.0,0.6345000000000001
NQ,Fast,2022-09-21 15:50:00,2022-09-28 15:50:00,13519.25,13407.0,1.0,-2245.0,512430.0,-0.0449,5.1243,-0.0832,168.0,LE2.Fast.C,LX2.Fast.C,10325.0,-2765.0,0.6173
NQ,Slow,2022-09-30 15:20:00,2022-10-03 15:20:00,12942.5,13173.5,1.0,4620.0,517050.0,0.0924,5.1705,-0.037,72.0,LE.Slow.C,LX1.Slow.C,3805.0,-5545.0,0.9011
NQ,Fast,2022-09-30 15:50:00,2022-10-03 15:00:00,12911.5,13164.75,1.0,5065.0,522115.0,0.1013,5.22115,0.0,71.16666666666667,LE2.Fast.C,LX.Gap.Fast.C,3185.0,-6165.0,0.8824
NQ,Slow,2022-10-07 15:20:00,2022-10-13 15:20:00,12957.25,12923.0,1.0,-685.0,521430.0,-0.0137,5.2143,-0.00685,144.0,LE.Slow.C,LX1.Slow.C,12220.0,-940.0,0.8765000000000001
NQ,Fast,2022-10-07 15:50:00,2022-10-13 15:50:00,12957.5,12930.75,1.0,-535.0,520895.0,-0.0107,5.20895,-0.0122,144.0,LE2.Fast.C,LX2.Fast.C,12225.0,-935.0,0.8883
NQ,Fast,2022-10-14 15:50:00,2022-10-17 15:00:00,12611.5,12985.25,1.0,7475.0,528370.0,0.1495,5.2837,0.0,71.16666666666667,LE1.Fast.C,LX.Gap.Fast.C,740.0,-7925.0,0.9481
NQ,Slow,2022-10-20 15:20:00,2022-10-21 15:20:00,12954.5,13219.25,1.0,5295.0,533665.0,0.1059,5.33665,0.0,24.0,LE.Slow.C,LX1.Slow.C,3150.0,-5705.0,0.9537
NQ,Fast,2022-10-20 15:50:00,2022-10-21 15:50:00,12933.0,13237.75,1.0,6095.0,539760.0,0.1219,5.3976,0.0,24.0,LE2.Fast.C,LX2.Fast.C,2720.0,-6295.0,0.9778
NQ,Slow,2022-10-26 15:20:00,2022-10-28 15:20:00,13316.25,13461.0,1.0,2895.0,542655.0,0.0579,5.42655,0.0,48.0,LE.Slow.C,LX1.Slow.C,10665.0,-3015.0,0.9912000000000001
NQ,Fast,2022-10-26 15:50:00,2022-10-28 15:00:00,13323.0,13456.75,1.0,2675.0,545330.0,0.0535,5.4533,0.0,47.166666666666664,LE2.Fast.C,LX2.Open.Fast.C,10800.0,-2880.0,0.985
NQ,Slow,2022-11-01 15:20:00,2022-11-07 15:20:00,13161.75,12883.5,1.0,-5565.0,539765.0,-0.1113,5.39765,-0.05565,144.0,LE.Slow.C,LX1.Slow.C,13285.0,-3195.0,0.46840000000000004
NQ,Fast,2022-11-03 15:50:00,2022-11-04 15:50:00,12594.5,12741.5,1.0,2940.0,542705.0,0.0588,5.42705,-0.02625,24.0,LE2.Fast.C,LX2.Fast.C,1940.0,-4825.0,0.7214
NQ,Slow,2022-11-09 15:20:00,2022-11-10 15:20:00,12707.0,13489.5,1.0,15650.0,558355.0,0.313,5.58355,0.0,24.0,LE.Slow.C,LX1.Slow.C,750.0,-16100.0,0.9732999999999999
NQ,Fast,2022-11-09 15:50:00,2022-11-10 15:50:00,12702.25,13527.5,1.0,16505.0,574860.0,0.3301,5.7486,0.0,24.0,LE2.Fast.C,LX2.Fast.C,655.0,-16520.0,0.9991
NQ,Slow,2022-11-28 15:20:00,2022-11-30 15:20:00,13482.25,13915.0,1.0,8655.0,583515.0,0.1731,5.83515,0.0,48.0,LE.Slow.C,LX1.Slow.C,3115.0,-8805.0,0.9873999999999999
NQ,Fast,2022-11-28 15:50:00,2022-11-30 15:00:00,13486.0,13874.0,1.0,7760.0,591275.0,0.1552,5.91275,0.0,47.166666666666664,LE2.Fast.C,LX2.Open.Fast.C,3190.0,-7945.0,0.9834
NQ,Slow,2022-12-06 15:20:00,2022-12-12 15:20:00,13422.5,13560.5,1.0,2760.0,594035.0,0.0552,5.94035,0.0,144.0,LE.Slow.C,LX1.Slow.C,2770.0,-3745.0,0.8488
NQ,Fast,2022-12-06 15:50:00,2022-12-08 15:00:00,13425.25,13498.0,1.0,1455.0,595490.0,0.0291,5.9549,0.0,47.166666666666664,LE2.Fast.C,LX2.Open.Fast.C,2825.0,-2455.0,0.8106
NQ,Slow,2022-12-15 15:20:00,2022-12-21 15:20:00,13198.75,13103.25,1.0,-1910.0,593580.0,-0.0382,5.9358,-0.0191,144.0,LE.Slow.C,LX1.Slow.C,8135.0,-825.0,0.6948000000000001
NQ,Fast,2022-12-15 15:50:00,2022-12-21 15:50:00,13197.5,13104.0,1.0,-1870.0,591710.0,-0.0374,5.9171,-0.0378,144.0,LE2.Fast.C,LX2.Fast.C,8110.0,-850.0,0.6964
NQ,Slow,2022-12-28 15:20:00,2022-12-29 15:20:00,12531.75,12784.75,1.0,5060.0,596770.0,0.1012,5.9677,0.0,24.0,LE.Slow.C,LX1.Slow.C,265.0,-5765.0,0.8831
NQ,Fast,2022-12-28 15:50:00,2022-12-29 15:00:00,12531.25,12802.75,1.0,5430.0,602200.0,0.1086,6.022,0.0,23.166666666666668,LE2.Fast.C,LX.Gap.Fast.C,105.0,-5775.0,0.9412999999999999
NQ,Slow,2023-01-05 15:20:00,2023-01-06 15:20:00,12571.75,12851.0,1.0,5585.0,607785.0,0.1117,6.07785,0.0,24.0,LE.Slow.C,LX1.Slow.C,1445.0,-6850.0,0.8475
NQ,Fast,2023-01-05 15:50:00,2023-01-06 15:50:00,12586.5,12858.0,1.0,5430.0,613215.0,0.1086,6.13215,0.0,24.0,LE2.Fast.C,LX2.Fast.C,1740.0,-6555.0,0.8644
NQ,Slow,2023-01-09 15:20:00,2023-01-10 15:20:00,12932.25,13030.5,1.0,1965.0,615180.0,0.0393,6.1518,0.0,24.0,LE.Slow.C,LX1.Slow.C,1795.0,-2100.0,0.9653
NQ,Fast,2023-01-09 15:50:00,2023-01-10 15:50:00,12928.5,13031.75,1.0,2065.0,617245.0,0.0413,6.17245,0.0,24.0,LE2.Fast.C,LX2.Fast.C,1720.0,-2175.0,0.9718000000000001
NQ,Slow,2023-01-18 15:20:00,2023-01-20 15:20:00,13218.0,13414.5,1.0,3930.0,621175.0,0.0786,6.21175,0.0,48.0,LE.Slow.C,LX1.Slow.C,3220.0,-4345.0,0.9451
NQ,Fast,2023-01-18 15:50:00,2023-01-20 15:00:00,13228.25,13420.5,1.0,3845.0,625020.0,0.0769,6.2502,0.0,47.166666666666664,LE2.Fast.C,LX2.Open.Fast.C,3425.0,-4085.0,0.968
NQ,Slow,2023-02-03 15:20:00,2023-02-06 15:20:00,14362.0,14257.0,1.0,-2100.0,622920.0,-0.042,6.2292,-0.021,72.0,LE.Slow.C,LX1.Slow.C,3155.0,-170.0,0.3173
NQ,Fast,2023-02-03 15:50:00,2023-02-06 15:50:00,14366.0,14258.75,1.0,-2145.0,620775.0,-0.0429,6.20775,-0.04245,72.0,LE2.Fast.C,LX2.Fast.C,3235.0,-35.0,0.3333
NQ,Slow,2023-02-08 15:20:00,2023-02-13 15:20:00,14281.0,14297.5,1.0,330.0,621105.0,0.0066,6.21105,-0.03915,120.0,LE.Slow.C,LX1.Slow.C,5785.0,-3920.0,0.6301
NQ,Fast,2023-02-09 15:50:00,2023-02-13 15:00:00,14185.75,14269.5,1.0,1675.0,622780.0,0.0335,6.2278,-0.0224,95.16666666666667,LE2.Fast.C,LX.Gap.Fast.C,3880.0,-2595.0,0.8579000000000001
NQ,Slow,2023-02-21 15:20:00,2023-03-02 15:20:00,13860.5,13800.5,1.0,-1200.0,621580.0,-0.024,6.2158,-0.0344,216.0,LE.Slow.C,LX1.Slow.C,5590.0,-2980.0,0.5123
NQ,Fast,2023-02-21 15:50:00,2023-02-23 15:00:00,13857.5,13957.75,1.0,2005.0,623585.0,0.0401,6.23585,-0.01435,47.166666666666664,LE2.Fast.C,LX2.Open.Fast.C,1610.0,-3040.0,0.7774
NQ,Fast,2023-02-23 15:50:00,2023-02-27 15:50:00,13938.5,13843.5,1.0,-1900.0,621685.0,-0.038,6.21685,-0.03335,96.0,LE2.Fast.C,LX2.Fast.C,5340.0,-490.0,0.5901
NQ,Fast,2023-02-28 15:50:00,2023-03-02 15:00:00,13794.25,13802.75,1.0,170.0,621855.0,0.0034,6.21855,-0.03165,47.166666666666664,LE2.Fast.C,LX2.Open.Fast.C,4265.0,-1920.0,0.7171
NQ,Slow,2023-03-07 15:20:00,2023-03-08 15:20:00,13920.25,13975.5,1.0,1105.0,622960.0,0.0221,6.2296,-0.0206,24.0,LE.Slow.C,LX1.Slow.C,1270.0,-1655.0,0.812
NQ,Fast,2023-03-07 15:50:00,2023-03-08 15:50:00,13931.5,13981.75,1.0,1005.0,623965.0,0.0201,6.23965,-0.01055,24.0,LE2.Fast.C,LX2.Fast.C,1495.0,-1430.0,0.8547
NQ,Slow,2023-03-09 15:20:00,2023-03-14 15:20:00,13741.75,13931.75,1.0,3800.0,627765.0,0.076,6.27765,0.0,120.0,LE.Slow.C,LX1.Slow.C,6315.0,-4690.0,0.9190999999999999
NQ,Fast,2023-03-09 15:50:00,2023-03-13 15:50:00,13749.0,13682.5,1.0,-1330.0,626435.0,-0.0266,6.26435,-0.0133,96.0,LE2.Fast.C,LX2.Fast.C,6460.0,-2170.0,0.5943999999999999
NQ,Slow,2023-03-23 15:20:00,2023-03-24 15:20:00,14455.0,14519.5,1.0,1290.0,627725.0,0.0258,6.27725,-0.0004,24.0,LE.Slow.C,LX1.Slow.C,2145.0,-1700.0,0.8934000000000001
NQ,Slow,2023-04-12 15:20:00,2023-04-13 15:20:00,14580.5,14820.5,1.0,4800.0,632525.0,0.096,6.32525,0.0,24.0,LE.Slow.C,LX1.Slow.C,705.0,-5345.0,0.9098999999999999
NQ,Fast,2023-04-12 15:50:00,2023-04-13 15:00:00,14572.75,14822.5,1.0,4995.0,637520.0,0.0999,6.3752,0.0,23.166666666666668,LE2.Fast.C,LX.Gap.Fast.C,550.0,-5500.0,0.9165000000000001
NQ,Slow,2023-05-03 15:20:00,2023-05-05 15:20:00,14744.5,14934.75,1.0,3805.0,641325.0,0.0761,6.41325,0.0,48.0,LE.Slow.C,LX1.Slow.C,2460.0,-4685.0,0.8768
NQ,Fast,2023-05-03 15:50:00,2023-05-05 15:00:00,14734.75,14949.25,1.0,4290.0,645615.0,0.0858,6.45615,0.0,47.166666666666664,LE2.Fast.C,LX2.Open.Fast.C,2265.0,-4880.0,0.9174
NQ,Slow,2023-05-23 15:20:00,2023-05-25 15:20:00,15349.0,15610.75,1.0,5235.0,650850.0,0.1047,6.5085,0.0,48.0,LE.Slow.C,LX1.Slow.C,3255.0,-6040.0,0.9134
NQ,Fast,2023-05-23 15:50:00,2023-05-24 15:50:00,15353.0,15427.25,1.0,1485.0,652335.0,0.0297,6.52335,0.0,24.0,LE2.Fast.C,LX2.Fast.C,3335.0,-1680.0,0.9611
NQ,Slow,2023-06-07 15:20:00,2023-06-09 15:20:00,15942.25,16186.25,1.0,4880.0,657215.0,0.0976,6.57215,0.0,48.0,LE.Slow.C,LX1.Slow.C,1315.0,-7300.0,0.7191
NQ,Fast,2023-06-07 15:50:00,2023-06-08 15:50:00,15937.0,16141.0,1.0,4080.0,661295.0,0.0816,6.61295,0.0,24.0,LE2.Fast.C,LX2.Fast.C,1210.0,-4125.0,0.9915999999999999
NQ,Slow,2023-06-21 15:20:00,2023-06-27 15:20:00,16492.25,16533.75,1.0,830.0,662125.0,0.0166,6.62125,0.0,144.0,LE.Slow.C,LX1.Slow.C,3970.0,-3720.0,0.6242
NQ,Fast,2023-06-21 15:50:00,2023-06-22 15:50:00,16482.75,16673.5,1.0,3815.0,665940.0,0.0763,6.6594,0.0,24.0,LE2.Fast.C,LX2.Fast.C,1570.0,-3825.0,0.9981
NQ,Fast,2023-06-26 15:50:00,2023-06-27 15:50:00,16312.5,16531.25,1.0,4375.0,670315.0,0.0875,6.70315,0.0,24.0,LE2.Fast.C,LX2.Fast.C,200.0,-5340.0,0.8258
NQ,Slow,2023-07-07 15:20:00,2023-07-11 15:20:00,16638.75,16701.75,1.0,1260.0,671575.0,0.0252,6.71575,0.0,96.0,LE.Slow.C,LX1.Slow.C,2705.0,-1605.0,0.92
NQ,Fast,2023-07-07 15:50:00,2023-07-11 15:00:00,16634.0,16690.0,1.0,1120.0,672695.0,0.0224,6.72695,0.0,95.16666666666667,LE2.Fast.C,LX1.Open.Fast.C,2610.0,-1700.0,0.8654000000000001
NQ,Slow,2023-07-20 15:20:00,2023-07-25 15:20:00,17034.0,17155.25,1.0,2425.0,675120.0,0.0485,6.7512,0.0,120.0,LE.Slow.C,LX1.Slow.C,2200.0,-2850.0,0.9158
NQ,Fast,2023-07-20 15:50:00,2023-07-25 15:50:00,17038.5,17164.0,1.0,2510.0,677630.0,0.0502,6.7763,0.0,120.0,LE2.Fast.C,LX2.Fast.C,2290.0,-2760.0,0.9505
NQ,Slow,2023-08-04 15:20:00,2023-08-14 15:20:00,16811.25,16716.75,1.0,-1890.0,675740.0,-0.0378,6.7574,-0.0189,240.0,LE.Slow.C,LX1.Slow.C,7005.0,-2535.0,0.5362
NQ,Fast,2023-08-04 15:50:00,2023-08-07 15:00:00,16808.75,16913.25,1.0,2090.0,677830.0,0.0418,6.7783,0.0,71.16666666666667,LE2.Fast.C,LX1.Open.Fast.C,685.0,-2230.0,0.9520000000000001
NQ,Fast,2023-08-07 15:50:00,2023-08-14 15:50:00,16931.5,16716.75,1.0,-4295.0,673535.0,-0.0859,6.73535,-0.04295,168.0,LE2.Fast.C,LX2.Fast.C,9410.0,-130.0,0.5362
NQ,Slow,2023-08-16 15:20:00,2023-08-21 15:20:00,16381.75,16408.25,1.0,530.0,674065.0,0.0106,6.74065,-0.03765,120.0,LE.Slow.C,LX1.Slow.C,6645.0,-1535.0,0.8771
NQ,Fast,2023-08-16 15:50:00,2023-08-17 15:00:00,16377.75,16245.25,1.0,-2650.0,671415.0,-0.053,6.71415,-0.06415,23.166666666666668,LE2.Fast.C,LX.Gap.Fast.C,3660.0,-1615.0,0.19149999999999998
NQ,Fast,2023-08-17 15:50:00,2023-08-21 15:00:00,16191.25,16438.0,1.0,4935.0,676350.0,0.0987,6.7635,-0.0148,95.16666666666667,LE2.Fast.C,LX.Gap.Fast.C,2835.0,-5255.0,0.9604
NQ,Slow,2023-09-07 15:20:00,2023-09-11 15:20:00,16718.75,16919.25,1.0,4010.0,680360.0,0.0802,6.8036,0.0,96.0,LE.Slow.C,LX1.Slow.C,1110.0,-4425.0,0.925
NQ,Fast,2023-09-07 15:50:00,2023-09-08 15:50:00,16723.5,16758.0,1.0,690.0,681050.0,0.0138,6.8105,0.0,24.0,LE2.Fast.C,LX2.Fast.C,1205.0,-2150.0,0.5648
NQ,Slow,2023-09-20 15:20:00,2023-09-28 15:20:00,16377.25,16109.75,1.0,-5350.0,675700.0,-0.107,6.757,-0.0535,192.0,LE.Slow.C,LX1.Slow.C,10945.0,-315.0,0.49689999999999995
NQ,Fast,2023-09-20 15:50:00,2023-09-25 15:50:00,16386.5,16196.25,1.0,-3805.0,671895.0,-0.0761,6.71895,-0.09155,120.0,LE2.Fast.C,LX2.Fast.C,7205.0,-130.0,0.4635
NQ,Fast,2023-09-26 15:50:00,2023-09-27 15:50:00,15966.0,16011.0,1.0,900.0,672795.0,0.018,6.72795,-0.08255,24.0,LE2.Fast.C,LX2.Fast.C,2720.0,-1990.0,0.7686
NQ,Slow,2023-10-13 15:20:00,2023-10-16 15:20:00,16350.0,16549.0,1.0,3980.0,676775.0,0.0796,6.76775,-0.04275,72.0,LE.Slow.C,LX1.Slow.C,460.0,-4615.0,0.8748999999999999
NQ,Fast,2023-10-13 15:50:00,2023-10-16 15:00:00,16354.0,16559.5,1.0,4110.0,680885.0,0.0822,6.80885,-0.00165,71.16666666666667,LE2.Fast.C,LX1.Open.Fast.C,540.0,-4535.0,0.9163
NQ,Slow,2023-10-19 15:20:00,2023-10-24 15:20:00,16086.0,16091.25,1.0,105.0,680990.0,0.0021,6.8099,-0.0006,120.0,LE.Slow.C,LX1.Slow.C,6555.0,-2135.0,0.7664
NQ,Fast,2023-10-19 15:50:00,2023-10-23 15:50:00,16090.25,15995.75,1.0,-1890.0,679100.0,-0.0378,6.791,-0.0195,96.0,LE2.Fast.C,LX2.Fast.C,6640.0,-825.0,0.6363
NQ,Slow,2023-10-25 15:20:00,2023-10-31 15:20:00,15732.0,15714.0,1.0,-360.0,678740.0,-0.0072,6.7874,-0.0231,144.0,LE.Slow.C,LX1.Slow.C,6955.0,-925.0,0.8369
NQ,Fast,2023-10-27 15:50:00,2023-10-30 15:00:00,15517.0,15675.0,1.0,3160.0,681900.0,0.0632,6.819,0.0,71.16666666666667,LE2.Fast.C,LX.Gap.Fast.C,95.0,-4070.0,0.7815000000000001
NQ,Slow,2023-11-09 15:20:00,2023-11-10 15:20:00,16501.75,16849.0,1.0,6945.0,688845.0,0.1389,6.88845,0.0,24.0,LE.Slow.C,LX1.Slow.C,1010.0,-6995.0,0.9937999999999999
NQ,Fast,2023-11-09 15:50:00,2023-11-10 15:50:00,16500.0,16836.0,1.0,6720.0,695565.0,0.1344,6.95565,0.0,24.0,LE2.Fast.C,LX2.Fast.C,975.0,-7135.0,0.9488
NQ,Slow,2023-11-27 15:20:00,2023-11-28 15:20:00,17251.25,17295.75,1.0,890.0,696455.0,0.0178,6.96455,0.0,24.0,LE.Slow.C,LX1.Slow.C,1240.0,-1285.0,0.8436
NQ,Fast,2023-11-27 15:50:00,2023-11-28 15:50:00,17249.25,17298.25,1.0,980.0,697435.0,0.0196,6.97435,0.0,24.0,LE2.Fast.C,LX2.Fast.C,1200.0,-1325.0,0.8634000000000001
NQ,Slow,2023-12-06 15:20:00,2023-12-07 15:20:00,17056.75,17269.25,1.0,4250.0,701685.0,0.085,7.01685,0.0,24.0,LE.Slow.C,LX1.Slow.C,435.0,-5065.0,0.8518000000000001
NQ,Fast,2023-12-06 15:50:00,2023-12-07 15:50:00,17057.5,17255.5,1.0,3960.0,705645.0,0.0792,7.05645,0.0,24.0,LE2.Fast.C,LX2.Fast.C,450.0,-5050.0,0.8018000000000001
NQ,Slow,2024-01-02 15:20:00,2024-01-08 15:20:00,17760.75,17828.5,1.0,1355.0,707000.0,0.0271,7.07,0.0,144.0,LE.Slow.C,LX1.Slow.C,7860.0,-1680.0,0.9659
NQ,Fast,2024-01-02 15:50:00,2024-01-08 15:50:00,17765.0,17823.0,1.0,1160.0,708160.0,0.0232,7.0816,0.0,144.0,LE2.Fast.C,LX2.Fast.C,7945.0,-1595.0,0.9544
NQ,Slow,2024-01-24 15:20:00,2024-01-25 15:20:00,18630.25,18637.5,1.0,145.0,708305.0,0.0029,7.08305,0.0,24.0,LE.Slow.C,LX1.Slow.C,1095.0,-3105.0,0.2952
NQ,Fast,2024-01-25 15:50:00,2024-01-29 15:00:00,18638.75,18721.75,1.0,1660.0,709965.0,0.0332,7.09965,0.0,95.16666666666667,LE2.Fast.C,LX1.Open.Fast.C,2955.0,-2220.0,0.8918
NQ,Slow,2024-01-26 15:20:00,2024-01-29 15:20:00,18542.75,18731.75,1.0,3780.0,713745.0,0.0756,7.13745,0.0,72.0,LE.Slow.C,LX1.Slow.C,1035.0,-4140.0,0.9304000000000001
NQ,Fast,2024-01-30 15:50:00,2024-02-01 15:50:00,18530.25,18642.75,1.0,2250.0,715995.0,0.045,7.15995,0.0,48.0,LE2.Fast.C,LX2.Fast.C,5505.0,-2475.0,0.9718000000000001
NQ,Slow,2024-01-31 15:20:00,2024-02-01 15:20:00,18301.25,18578.5,1.0,5545.0,721540.0,0.1109,7.2154,0.0,24.0,LE.Slow.C,LX1.Slow.C,435.0,-5745.0,0.9676
NQ,Slow,2024-02-12 15:20:00,2024-02-15 15:20:00,18958.25,18983.75,1.0,510.0,722050.0,0.0102,7.2205,0.0,72.0,LE.Slow.C,LX1.Slow.C,7655.0,-870.0,0.9578
NQ,Fast,2024-02-12 15:50:00,2024-02-14 15:50:00,18954.0,18908.0,1.0,-920.0,721130.0,-0.0184,7.2113,-0.0092,48.0,LE2.Fast.C,LX2.Fast.C,7570.0,-855.0,0.7893000000000001
NQ,Slow,2024-02-20 15:20:00,2024-02-22 15:20:00,18614.75,19055.0,1.0,8805.0,729935.0,0.1761,7.29935,0.0,48.0,LE.Slow.C,LX1.Slow.C,4170.0,-10115.0,0.9083
NQ,Slow,2024-03-05 15:20:00,2024-03-07 15:20:00,18998.75,19297.75,1.0,5980.0,735915.0,0.1196,7.35915,0.0,48.0,LE.Slow.C,LX1.Slow.C,990.0,-7895.0,0.7845
NQ,Fast,2024-03-05 15:50:00,2024-03-06 15:00:00,19001.75,19080.0,1.0,1565.0,737480.0,0.0313,7.3748,0.0,23.166666666666668,LE2.Fast.C,LX.Gap.Fast.C,515.0,-4120.0,0.44880000000000003
NQ,Fast,2024-03-06 15:50:00,2024-03-07 15:50:00,19083.75,19272.75,1.0,3780.0,741260.0,0.0756,7.4126,0.0,24.0,LE2.Fast.C,LX2.Fast.C,2690.0,-6195.0,0.7282
NQ,Slow,2024-03-11 15:20:00,2024-03-12 15:20:00,19013.75,19250.25,1.0,4730.0,745990.0,0.0946,7.4599,0.0,24.0,LE.Slow.C,LX1.Slow.C,1135.0,-5205.0,0.9251
NQ,Fast,2024-03-11 15:50:00,2024-03-12 15:50:00,19030.25,19255.75,1.0,4510.0,750500.0,0.0902,7.505,0.0,24.0,LE2.Fast.C,LX2.Fast.C,1465.0,-4875.0,0.9423999999999999
NQ,Fast,2024-03-15 15:50:00,2024-03-18 15:00:00,18845.75,19016.5,1.0,3415.0,753915.0,0.0683,7.53915,0.0,71.16666666666667,LE2.Fast.C,LX1.Open.Fast.C,65.0,-6365.0,0.5412
NQ,Slow,2024-03-18 15:20:00,2024-03-19 15:20:00,19018.5,19058.0,1.0,790.0,754705.0,0.0158,7.54705,0.0,24.0,LE.Slow.C,LX1.Slow.C,3645.0,-1075.0,0.9396
NQ,Fast,2024-03-18 15:50:00,2024-03-19 15:50:00,19012.25,19068.0,1.0,1115.0,755820.0,0.0223,7.5582,0.0,24.0,LE2.Fast.C,LX2.Fast.C,3520.0,-1200.0,0.982
NQ,Slow,2024-03-26 15:20:00,2024-04-01 15:20:00,19255.75,19282.5,1.0,535.0,756355.0,0.0107,7.56355,0.0,144.0,LE.Slow.C,LX1.Slow.C,1885.0,-2785.0,0.5182
NQ,Fast,2024-03-28 15:50:00,2024-04-01 15:00:00,19241.75,19281.25,1.0,790.0,757145.0,0.0158,7.57145,0.0,95.16666666666667,LE2.Fast.C,LX1.Open.Fast.C,885.0,-3065.0,0.4241
NQ,Fast,2024-04-01 15:50:00,2024-04-03 15:50:00,19280.75,19175.5,1.0,-2105.0,755040.0,-0.0421,7.5504,-0.02105,48.0,LE2.Fast.C,LX2.Fast.C,5925.0,-265.0,0.6171
NQ,Slow,2024-04-16 15:20:00,2024-04-23 15:20:00,18663.25,18420.0,1.0,-4865.0,750175.0,-0.0973,7.50175,-0.0697,168.0,LE.Slow.C,LX1.Slow.C,15340.0,-1765.0,0.6124
NQ,Fast,2024-04-22 15:50:00,2024-04-23 15:00:00,18122.5,18391.5,1.0,5380.0,755555.0,0.1076,7.55555,-0.0159,23.166666666666668,LE1.Fast.C,LX.Gap.Fast.C,1065.0,-6355.0,0.8686
NQ,Slow,2024-05-30 15:20:00,2024-05-31 15:20:00,19346.0,19361.5,1.0,310.0,755865.0,0.0062,7.55865,-0.0128,24.0,LE.Slow.C,LX1.Slow.C,6435.0,-2105.0,0.7898000000000001
NQ,Fast,2024-05-30 15:50:00,2024-05-31 15:50:00,19372.0,19370.0,1.0,-40.0,755825.0,-0.0008,7.55825,-0.0132,24.0,LE2.Fast.C,LX2.Fast.C,6955.0,-1585.0,0.8097
NQ,Slow,2024-06-24 15:20:00,2024-06-26 15:20:00,20286.0,20465.75,1.0,3595.0,759420.0,0.0719,7.5942,0.0,48.0,LE.Slow.C,LX1.Slow.C,740.0,-6150.0,0.6292
NQ,Fast,2024-06-24 15:50:00,2024-06-25 15:00:00,20273.25,20478.5,1.0,4105.0,763525.0,0.0821,7.63525,0.0,23.166666666666668,LE2.Fast.C,LX.Gap.Fast.C,485.0,-4620.0,0.8991
NQ,Slow,2024-06-28 15:20:00,2024-07-01 15:20:00,20481.5,20564.75,1.0,1665.0,765190.0,0.0333,7.6519,0.0,72.0,LE.Slow.C,LX1.Slow.C,2935.0,-2310.0,0.877
NQ,Fast,2024-06-28 15:50:00,2024-07-01 15:00:00,20496.25,20582.0,1.0,1715.0,766905.0,0.0343,7.66905,0.0,71.16666666666667,LE2.Fast.C,LX1.Open.Fast.C,3230.0,-1745.0,0.9940000000000001
NQ,Slow,2024-07-12 15:20:00,2024-07-23 15:20:00,21062.75,20450.0,1.0,-12255.0,754650.0,-0.2451,7.5465,-0.12255,264.0,LE.Slow.C,LX1.Slow.C,17715.0,-5145.0,0.23879999999999998
NQ,Fast,2024-07-12 15:50:00,2024-07-15 15:00:00,21063.0,21086.5,1.0,470.0,755120.0,0.0094,7.5512,-0.11785,71.16666666666667,LE2.Fast.C,LX1.Open.Fast.C,675.0,-5140.0,0.19690000000000002
NQ,Fast,2024-07-15 15:50:00,2024-07-22 15:50:00,21142.75,20497.5,1.0,-12905.0,742215.0,-0.2581,7.42215,-0.2469,168.0,LE2.Fast.C,LX2.Fast.C,19315.0,-1295.0,0.311
NQ,Slow,2024-08-26 15:20:00,2024-08-27 15:20:00,20092.0,20168.25,1.0,1525.0,743740.0,0.0305,7.4374,-0.23165,24.0,LE.Slow.C,LX1.Slow.C,2550.0,-2505.0,0.8061
NQ,Fast,2024-08-26 15:50:00,2024-08-27 15:50:00,20074.0,20163.25,1.0,1785.0,745525.0,0.0357,7.45525,-0.2138,24.0,LE1.Fast.C,LX1.Fast.C,2190.0,-2865.0,0.7864
NQ,Slow,2024-08-28 15:20:00,2024-08-30 15:20:00,19927.25,20120.0,1.0,3855.0,749380.0,0.0771,7.4938,-0.17525,48.0,LE.Slow.C,LX1.Slow.C,5280.0,-5785.0,0.8256
NQ,Fast,2024-08-28 15:50:00,2024-08-29 15:50:00,19850.0,19970.5,1.0,2410.0,751790.0,0.0482,7.5179,-0.15115,24.0,LE2.Fast.C,LX2.Fast.C,3735.0,-7330.0,0.5554
NQ,Fast,2024-09-03 15:50:00,2024-09-09 15:50:00,19498.75,19251.5,1.0,-4945.0,746845.0,-0.0989,7.46845,-0.2006,144.0,LE2.Fast.C,LX2.Fast.C,12720.0,-3495.0,0.47950000000000004
NQ,Slow,2024-09-04 15:20:00,2024-09-10 15:20:00,19461.25,19370.0,1.0,-1825.0,745020.0,-0.0365,7.4502,-0.21885,144.0,LE.Slow.C,LX1.Slow.C,11970.0,-4245.0,0.6257
NQ,Slow,2024-09-18 15:20:00,2024-09-19 15:20:00,19924.25,20341.5,1.0,8345.0,753365.0,0.1669,7.53365,-0.1354,24.0,LE.Slow.C,LX1.Slow.C,345.0,-11300.0,0.7462000000000001
NQ,Fast,2024-09-18 15:50:00,2024-09-19 15:00:00,19917.0,20377.0,1.0,9200.0,762565.0,0.184,7.62565,-0.0434,23.166666666666668,LE2.Fast.C,LX.Gap.Fast.C,190.0,-11445.0,0.807
NQ,Slow,2024-10-15 15:20:00,2024-10-18 15:20:00,20611.5,20780.75,1.0,3385.0,765950.0,0.0677,7.6595,-0.00955,72.0,LE.Slow.C,LX1.Slow.C,2380.0,-5390.0,0.742
NQ,Fast,2024-10-17 15:50:00,2024-10-18 15:50:00,20669.5,20778.5,1.0,2180.0,768130.0,0.0436,7.6813,0.0,24.0,LE2.Fast.C,LX2.Fast.C,1250.0,-2930.0,0.8206
NQ,Fast,2024-10-25 15:50:00,2024-10-28 15:00:00,20762.25,20803.25,1.0,820.0,768950.0,0.0164,7.6895,0.0,71.16666666666667,LE2.Fast.C,LX1.Open.Fast.C,80.0,-4010.0,0.22
NQ,Slow,2024-10-28 15:20:00,2024-10-29 15:20:00,20786.25,21037.5,1.0,5025.0,773975.0,0.1005,7.73975,0.0,24.0,LE.Slow.C,LX1.Slow.C,1355.0,-5205.0,0.9726
NQ,Fast,2024-10-28 15:50:00,2024-10-29 15:50:00,20801.25,20994.5,1.0,3865.0,777840.0,0.0773,7.7784,0.0,24.0,LE2.Fast.C,LX2.Fast.C,1655.0,-4905.0,0.8415
NQ,Slow,2024-10-30 15:20:00,2024-11-05 15:20:00,20785.0,20665.5,1.0,-2390.0,775450.0,-0.0478,7.7545,-0.0239,144.0,LE.Slow.C,LX1.Slow.C,9805.0,-1145.0,0.6772
NQ,Fast,2024-10-31 15:50:00,2024-11-01 15:50:00,20322.25,20456.75,1.0,2690.0,778140.0,0.0538,7.7814,0.0,24.0,LE2.Fast.C,LX2.Fast.C,380.0,-5040.0,0.5664
NQ,Fast,2024-11-04 15:50:00,2024-11-05 15:50:00,20389.25,20646.0,1.0,5135.0,783275.0,0.1027,7.83275,0.0,24.0,LE2.Fast.C,LX2.Fast.C,1225.0,-5650.0,0.9251
NQ,Slow,2024-11-14 15:20:00,2024-11-18 15:20:00,21237.25,20921.0,1.0,-6325.0,776950.0,-0.1265,7.7695,-0.06325,96.0,LE.Slow.C,LX1.Slow.C,10915.0,-730.0,0.3942
NQ,Fast,2024-11-14 15:50:00,2024-11-18 15:50:00,21267.0,20917.25,1.0,-6995.0,769955.0,-0.1399,7.69955,-0.1332,96.0,LE2.Fast.C,LX2.Fast.C,11510.0,-125.0,0.3881
NQ,Slow,2024-12-09 15:20:00,2024-12-11 15:20:00,21759.25,22053.5,1.0,5885.0,775840.0,0.1177,7.7584,-0.07435,48.0,LE.Slow.C,LX1.Slow.C,2405.0,-6940.0,0.8870999999999999
NQ,Fast,2024-12-09 15:50:00,2024-12-10 15:00:00,21760.75,21679.25,1.0,-1630.0,774210.0,-0.0326,7.7421,-0.09065,23.166666666666668,LE2.Fast.C,LX.Gap.Fast.C2,2435.0,-2645.0,0.1585
NQ,Fast,2024-12-10 15:50:00,2024-12-11 15:00:00,21722.25,22081.25,1.0,7180.0,781390.0,0.1436,7.8139,-0.01885,23.166666666666668,LE2.Fast.C,LX.Gap.Fast.C,605.0,-7680.0,0.9396
NQ,Slow,2024-12-12 15:20:00,2024-12-13 15:20:00,21904.0,22055.5,1.0,3030.0,784420.0,0.0606,7.8442,0.0,24.0,LE.Slow.C,LX1.Slow.C,270.0,-5805.0,0.5432
NQ,Slow,2024-12-18 15:20:00,2024-12-20 10:40:00,21434.75,21762.75,1.0,6560.0,790980.0,0.1312,7.9098,0.0,43.333333333333336,LE.Slow.C,LX.M,8565.0,-6570.0,0.9993000000000001
NQ,Fast,2024-12-18 15:50:00,2024-12-20 10:40:00,21433.25,21762.75,1.0,6590.0,797570.0,0.1318,7.9757,0.0,42.833333333333336,LE2.Fast.C,LX.M,8535.0,-6600.0,0.9993000000000001
NQ,Slow,2024-12-30 15:20:00,2025-01-03 15:20:00,21387.5,21486.25,1.0,1975.0,799545.0,0.0395,7.99545,0.0,96.0,LE.Slow.C,LX1.Slow.C,8075.0,-3435.0,0.8732
NQ,Fast,2024-12-30 15:50:00,2025-01-03 15:00:00,21388.75,21506.5,1.0,2355.0,801900.0,0.0471,8.019,0.0,95.16666666666667,LE2.Fast.C,LX1.Open.Fast.C,8100.0,-3410.0,0.9083
